"Name","Live Bytes","Live Objects"
"byte[]","1 415 128 B (35,1%)","19 570 (24,3%)"
"java.lang.String","406 512 B (10,1%)","16 938 (21,1%)"
"java.lang.Class","282 568 B (7%)","2 508 (3,1%)"
"java.lang.Object[]","234 000 B (5,8%)","3 633 (4,5%)"
"java.util.HashMap$Node","204 288 B (5,1%)","6 384 (7,9%)"
"int[]","154 760 B (3,8%)","1 058 (1,3%)"
"java.util.concurrent.ConcurrentHashMap$Node","108 640 B (2,7%)","3 395 (4,2%)"
"java.lang.reflect.Method","103 312 B (2,6%)","1 174 (1,5%)"
"java.util.HashMap$Node[]","77 488 B (1,9%)","577 (0,7%)"
"char[]","73 696 B (1,8%)","153 (0,2%)"
"java.lang.ref.SoftReference","53 080 B (1,3%)","1 327 (1,6%)"
"long[]","51 736 B (1,3%)","219 (0,3%)"
"java.lang.Class[]","41 320 B (1%)","1 701 (2,1%)"
"sun.util.locale.LocaleObjectCache$CacheEntry","36 672 B (0,9%)","764 (0,9%)"
"java.util.concurrent.ConcurrentHashMap$Node[]","35 824 B (0,9%)","93 (0,1%)"
"java.util.HashMap","30 768 B (0,8%)","641 (0,8%)"
"java.lang.invoke.MemberName","29 760 B (0,7%)","620 (0,8%)"
"sun.util.locale.BaseLocale$Key","23 584 B (0,6%)","737 (0,9%)"
"java.lang.String[]","22 504 B (0,6%)","497 (0,6%)"
"java.util.TreeMap$Entry","19 080 B (0,5%)","477 (0,6%)"
"java.lang.invoke.MethodType","18 240 B (0,5%)","456 (0,6%)"
"java.lang.reflect.Field","17 712 B (0,4%)","246 (0,3%)"
"java.lang.reflect.Constructor","17 040 B (0,4%)","213 (0,3%)"
"java.lang.ref.SoftReference[]","15 912 B (0,4%)","234 (0,3%)"
"short[]","15 144 B (0,4%)","202 (0,3%)"
"java.lang.invoke.MethodType$ConcurrentWeakInternSet$WeakEntry","14 688 B (0,4%)","459 (0,6%)"
"java.lang.invoke.LambdaForm$Name","13 120 B (0,3%)","410 (0,5%)"
"java.lang.Object","12 704 B (0,3%)","794 (1%)"
"java.lang.invoke.ResolvedMethodName","11 280 B (0,3%)","470 (0,6%)"
"java.util.concurrent.ConcurrentHashMap","11 072 B (0,3%)","173 (0,2%)"
"java.io.ObjectStreamClass$WeakClassKey","9 792 B (0,2%)","306 (0,4%)"
"java.lang.module.ModuleDescriptor$Exports","9 480 B (0,2%)","395 (0,5%)"
"java.lang.StringBuilder","9 264 B (0,2%)","386 (0,5%)"
"java.lang.Long","8 568 B (0,2%)","357 (0,4%)"
"java.lang.invoke.LambdaForm$NamedFunction","8 224 B (0,2%)","257 (0,3%)"
"java.lang.ref.WeakReference","8 032 B (0,2%)","251 (0,3%)"
"java.lang.invoke.MethodTypeForm","7 448 B (0,2%)","133 (0,2%)"
"java.lang.Module","7 392 B (0,2%)","132 (0,2%)"
"java.lang.Integer","6 528 B (0,2%)","408 (0,5%)"
"java.lang.invoke.DirectMethodHandle","6 464 B (0,2%)","202 (0,3%)"
"java.util.ImmutableCollections$Set12","6 432 B (0,2%)","268 (0,3%)"
"java.lang.module.ModuleDescriptor$Requires","5 952 B (0,1%)","186 (0,2%)"
"java.net.URL","5 952 B (0,1%)","93 (0,1%)"
"javax.management.ImmutableDescriptor","5 928 B (0,1%)","247 (0,3%)"
"java.net.URI","5 680 B (0,1%)","71 (0,1%)"
"java.lang.Thread","5 264 B (0,1%)","14 (0%)"
"jdk.internal.reflect.DelegatingClassLoader","5 104 B (0,1%)","58 (0,1%)"
"java.io.ObjectStreamClass","5 096 B (0,1%)","49 (0,1%)"
"java.lang.invoke.LambdaForm$Name[]","4 880 B (0,1%)","99 (0,1%)"
"java.util.Hashtable$Entry[]","4 840 B (0,1%)","78 (0,1%)"
"java.util.WeakHashMap$Entry","4 840 B (0,1%)","121 (0,2%)"
"com.sun.jmx.mbeanserver.ConvertingMethod","4 832 B (0,1%)","151 (0,2%)"
"java.util.logging.LogManager$LoggerWeakRef","4 704 B (0,1%)","98 (0,1%)"
"java.util.ArrayList","4 680 B (0,1%)","195 (0,2%)"
"java.lang.NoSuchMethodException","4 680 B (0,1%)","117 (0,1%)"
"java.util.HashSet","4 656 B (0,1%)","291 (0,4%)"
"java.io.ObjectStreamField","4 600 B (0,1%)","115 (0,1%)"
"java.lang.module.ModuleDescriptor","4 544 B (0,1%)","71 (0,1%)"
"java.lang.invoke.LambdaForm","4 512 B (0,1%)","94 (0,1%)"
"java.util.WeakHashMap$Entry[]","4 128 B (0,1%)","44 (0,1%)"
"jdk.internal.module.ServicesCatalog$ServiceProvider","4 056 B (0,1%)","169 (0,2%)"
"java.lang.invoke.DirectMethodHandle$Accessor","4 000 B (0,1%)","100 (0,1%)"
"java.util.ImmutableCollections$SetN","3 984 B (0,1%)","166 (0,2%)"
"jdk.internal.module.ModuleReferenceImpl","3 976 B (0,1%)","71 (0,1%)"
"java.util.Hashtable","3 744 B (0,1%)","78 (0,1%)"
"java.math.BigInteger","3 600 B (0,1%)","90 (0,1%)"
"java.lang.invoke.MethodHandle[]","3 600 B (0,1%)","42 (0,1%)"
"com.sun.jmx.mbeanserver.MXBeanMapping[]","3 256 B (0,1%)","162 (0,2%)"
"java.lang.reflect.Method[]","3 224 B (0,1%)","35 (0%)"
"com.sun.management.internal.DiagnosticCommandArgumentInfo","3 200 B (0,1%)","80 (0,1%)"
"java.security.ProtectionDomain","3 200 B (0,1%)","80 (0,1%)"
"javax.management.openmbean.OpenMBeanAttributeInfoSupport","3 136 B (0,1%)","49 (0,1%)"
"java.security.CodeSource","2 960 B (0,1%)","74 (0,1%)"
"java.util.logging.LogManager$LogNode","2 816 B (0,1%)","88 (0,1%)"
"javax.management.MBeanAttributeInfo[]","2 800 B (0,1%)","54 (0,1%)"
"java.util.concurrent.CopyOnWriteArrayList","2 736 B (0,1%)","114 (0,1%)"
"java.util.TreeMap","2 640 B (0,1%)","55 (0,1%)"
"org.postgresql.PGProperty","2 600 B (0,1%)","65 (0,1%)"
"java.lang.invoke.BoundMethodHandle$Species_L","2 592 B (0,1%)","81 (0,1%)"
"java.lang.Class$ReflectionData","2 560 B (0,1%)","40 (0%)"
"javax.management.MBeanInfo","2 544 B (0,1%)","53 (0,1%)"
"jdk.internal.reflect.MethodAccessorGenerator","2 448 B (0,1%)","17 (0%)"
"java.util.Collections$UnmodifiableSet","2 416 B (0,1%)","151 (0,2%)"
"java.util.Vector","2 272 B (0,1%)","71 (0,1%)"
"java.lang.ref.ReferenceQueue","2 240 B (0,1%)","70 (0,1%)"
"java.security.Provider$ServiceKey","2 208 B (0,1%)","92 (0,1%)"
"java.io.ObjectStreamClass$FieldReflectorKey","2 200 B (0,1%)","55 (0,1%)"
"jdk.internal.reflect.ClassFileAssembler","2 176 B (0,1%)","68 (0,1%)"
"java.security.Provider$Service","2 128 B (0,1%)","38 (0%)"
"com.sun.management.internal.DiagnosticCommandInfo","2 112 B (0,1%)","44 (0,1%)"
"java.lang.invoke.LambdaForm$Kind","2 112 B (0,1%)","66 (0,1%)"
"java.util.ImmutableCollections$List12","2 088 B (0,1%)","87 (0,1%)"
"java.lang.Character","2 048 B (0,1%)","128 (0,2%)"
"sun.util.calendar.ZoneInfo","2 016 B (0,1%)","36 (0%)"
"java.util.WeakHashMap","1 968 B (0%)","41 (0,1%)"
"java.util.logging.Logger","1 960 B (0%)","35 (0%)"
"javax.management.MBeanAttributeInfo","1 952 B (0%)","61 (0,1%)"
"javax.management.ObjectName$Property[]","1 936 B (0%)","73 (0,1%)"
"jdk.internal.ref.CleanerImpl$PhantomCleanableRef","1 728 B (0%)","36 (0%)"
"jdk.internal.module.SystemModuleFinders$2","1 704 B (0%)","71 (0,1%)"
"java.lang.module.ModuleDescriptor$Provides","1 704 B (0%)","71 (0,1%)"
"jdk.internal.reflect.ByteVectorImpl","1 632 B (0%)","68 (0,1%)"
"java.lang.invoke.BoundMethodHandle$Species_LL","1 600 B (0%)","40 (0%)"
"byte[][]","1 584 B (0%)","2 (0%)"
"java.lang.reflect.Field[]","1 560 B (0%)","34 (0%)"
"java.lang.invoke.BoundMethodHandle$Species_LLLLLJL","1 536 B (0%)","24 (0%)"
"java.util.stream.ReferencePipeline$3","1 536 B (0%)","24 (0%)"
"java.util.jar.JarFile$JarFileEntry","1 536 B (0%)","16 (0%)"
"javax.management.MBeanOperationInfo","1 520 B (0%)","38 (0%)"
"java.util.LinkedHashMap$Entry","1 520 B (0%)","38 (0%)"
"jdk.internal.module.SystemModuleFinders$SystemModuleReader","1 464 B (0%)","61 (0,1%)"
"java.lang.module.ResolvedModule","1 464 B (0%)","61 (0,1%)"
"java.util.logging.Logger$ConfigurationData","1 440 B (0%)","36 (0%)"
"java.time.temporal.ValueRange","1 440 B (0%)","30 (0%)"
"jdk.internal.loader.BuiltinClassLoader$LoadedModule","1 440 B (0%)","60 (0,1%)"
"java.io.ObjectStreamField[]","1 408 B (0%)","51 (0,1%)"
"com.sun.management.internal.DiagnosticCommandImpl$Wrapper","1 408 B (0%)","44 (0,1%)"
"javax.management.MBeanParameterInfo","1 344 B (0%)","42 (0,1%)"
"java.util.stream.ReferencePipeline$Head","1 344 B (0%)","24 (0%)"
"jdk.internal.reflect.NativeConstructorAccessorImpl","1 344 B (0%)","56 (0,1%)"
"javax.management.MBeanOperationInfo[]","1 320 B (0%)","44 (0,1%)"
"java.security.ProtectionDomain$Key","1 280 B (0%)","80 (0,1%)"
"java.security.Principal[]","1 280 B (0%)","80 (0,1%)"
"sun.reflect.generics.tree.SimpleClassTypeSignature","1 272 B (0%)","53 (0,1%)"
"javax.management.ObjectName$Property","1 248 B (0%)","52 (0,1%)"
"java.lang.management.ThreadInfo","1 248 B (0%)","12 (0%)"
"java.time.temporal.ChronoField","1 200 B (0%)","30 (0%)"
"java.lang.reflect.Constructor[]","1 184 B (0%)","50 (0,1%)"
"java.math.BigInteger[]","1 184 B (0%)","38 (0%)"
"java.lang.ref.ReferenceQueue$Lock","1 152 B (0%)","72 (0,1%)"
"boolean[]","1 144 B (0%)","6 (0%)"
"java.lang.Integer[]","1 136 B (0%)","3 (0%)"
"java.util.Arrays$ArrayList","1 104 B (0%)","46 (0,1%)"
"javax.management.ObjectName","1 088 B (0%)","34 (0%)"
"java.security.Provider$UString","1 080 B (0%)","45 (0,1%)"
"com.sun.management.internal.DiagnosticCommandArgumentInfo[]","1 072 B (0%)","44 (0,1%)"
"javax.management.openmbean.ArrayType","1 064 B (0%)","19 (0%)"
"java.util.HashMap$KeySet","1 056 B (0%)","66 (0,1%)"
"jdk.internal.module.SystemModuleFinders$3","1 056 B (0%)","66 (0,1%)"
"java.lang.Long[]","1 040 B (0%)","1 (0%)"
"java.security.AccessControlContext","1 040 B (0%)","26 (0%)"
"java.util.zip.Inflater","1 024 B (0%)","16 (0%)"
"sun.nio.fs.WindowsFileAttributes","1 024 B (0%)","16 (0%)"
"java.util.zip.ZipFile$Source","1 024 B (0%)","16 (0%)"
"java.util.jar.JarFile","1 024 B (0%)","16 (0%)"
"java.io.SerialCallbackContext","1 008 B (0%)","42 (0,1%)"
"sun.reflect.generics.tree.TypeArgument[]","1 000 B (0%)","53 (0,1%)"
"java.io.FileDescriptor","1 000 B (0%)","25 (0%)"
"java.lang.invoke.VarHandle$AccessMode","992 B (0%)","31 (0%)"
"java.util.ImmutableCollections$ListN","992 B (0%)","62 (0,1%)"
"com.sun.jmx.mbeanserver.PerInterface$MethodAndSig","984 B (0%)","41 (0,1%)"
"java.util.jar.Attributes$Name","960 B (0%)","40 (0%)"
"java.io.DataOutputStream","960 B (0%)","24 (0%)"
"java.util.TreeMap$KeyIterator","960 B (0%)","30 (0%)"
"sun.nio.fs.WindowsPath","960 B (0%)","24 (0%)"
"java.util.StringJoiner","960 B (0%)","24 (0%)"
"java.security.Provider$EngineDescription","960 B (0%)","30 (0%)"
"com.sun.jmx.mbeanserver.MXBeanSupport","920 B (0%)","23 (0%)"
"jdk.internal.reflect.DelegatingMethodAccessorImpl","912 B (0%)","57 (0,1%)"
"javax.management.MBeanParameterInfo[]","904 B (0%)","37 (0%)"
"jdk.internal.reflect.DelegatingConstructorAccessorImpl","896 B (0%)","56 (0,1%)"
"java.io.FileCleanable","896 B (0%)","16 (0%)"
"java.lang.management.ManagementPermission","888 B (0%)","37 (0%)"
"java.lang.invoke.MethodHandleImpl$AsVarargsCollector","880 B (0%)","22 (0%)"
"java.lang.invoke.MemberName[]","864 B (0%)","6 (0%)"
"sun.util.locale.BaseLocale","864 B (0%)","27 (0%)"
"java.util.Locale","864 B (0%)","27 (0%)"
"sun.reflect.generics.tree.ClassTypeSignature","848 B (0%)","53 (0,1%)"
"java.lang.invoke.BoundMethodHandle$SpeciesData","816 B (0%)","17 (0%)"
"jdk.internal.reflect.Label$PatchInfo","816 B (0%)","34 (0%)"
"java.io.ObjectStreamClass$EntryFuture","792 B (0%)","33 (0%)"
"javax.management.openmbean.OpenMBeanParameterInfoSupport","784 B (0%)","14 (0%)"
"java.util.Spliterators$ArraySpliterator","768 B (0%)","24 (0%)"
"java.util.stream.Collectors$CollectorImpl","768 B (0%)","24 (0%)"
"jdk.internal.loader.URLClassPath$JarLoader","768 B (0%)","16 (0%)"
"java.util.stream.ReduceOps$3","768 B (0%)","24 (0%)"
"java.util.stream.ReduceOps$3ReducingSink","768 B (0%)","24 (0%)"
"com.sun.jmx.mbeanserver.WeakIdentityHashMap$IdentityWeakReference","768 B (0%)","24 (0%)"
"com.sun.jmx.mbeanserver.DefaultMXBeanMappingFactory$IdentityMapping","768 B (0%)","32 (0%)"
"javax.management.openmbean.CompositeType","728 B (0%)","13 (0%)"
"sun.reflect.generics.repository.MethodRepository","720 B (0%)","18 (0%)"
"javax.management.openmbean.CompositeData[]","720 B (0%)","37 (0%)"
"org.postgresql.core.v3.SimpleQuery","704 B (0%)","11 (0%)"
"java.lang.invoke.BoundMethodHandle$SpeciesData[]","680 B (0%)","17 (0%)"
"java.time.LocalTime","672 B (0%)","28 (0%)"
"java.lang.reflect.Type[]","664 B (0%)","30 (0%)"
"double[]","664 B (0%)","6 (0%)"
"java.util.Collections$SingletonList","648 B (0%)","27 (0%)"
"java.rmi.server.UID","640 B (0%)","20 (0%)"
"jdk.internal.reflect.UnsafeQualifiedStaticLongFieldAccessorImpl","640 B (0%)","16 (0%)"
"java.net.SocksSocketImpl","624 B (0%)","6 (0%)"
"java.lang.invoke.LambdaForm[]","624 B (0%)","3 (0%)"
"javax.management.openmbean.CompositeDataSupport","624 B (0%)","26 (0%)"
"java.util.ArrayList$Itr","608 B (0%)","19 (0%)"
"java.lang.invoke.VarHandleReferences$FieldInstanceReadWrite","600 B (0%)","15 (0%)"
"java.io.ObjectStreamClass$ClassDataSlot","600 B (0%)","25 (0%)"
"com.sun.jmx.mbeanserver.NamedObject","600 B (0%)","25 (0%)"
"java.lang.StackTraceElement[]","592 B (0%)","27 (0%)"
"java.util.stream.Collectors$$Lambda$73.0x0000000801247c40","576 B (0%)","24 (0%)"
"java.util.stream.ReferencePipeline$3$1","576 B (0%)","24 (0%)"
"sun.reflect.generics.tree.MethodTypeSignature","576 B (0%)","18 (0%)"
"java.util.concurrent.TimeUnit","560 B (0%)","7 (0%)"
"java.io.ObjectOutputStream$HandleTable","560 B (0%)","14 (0%)"
"sun.rmi.transport.ConnectionInputStream","560 B (0%)","7 (0%)"
"java.util.HashMap$EntrySet","560 B (0%)","35 (0%)"
"sun.invoke.util.Wrapper","560 B (0%)","10 (0%)"
"javax.management.openmbean.SimpleType","560 B (0%)","14 (0%)"
"java.lang.NoSuchFieldException","560 B (0%)","14 (0%)"
"java.lang.RuntimePermission","552 B (0%)","23 (0%)"
"java.util.ArrayDeque","552 B (0%)","23 (0%)"
"java.io.ObjectInputStream$HandleTable$HandleList[]","552 B (0%)","9 (0%)"
"jdk.internal.reflect.MethodAccessorGenerator$1","544 B (0%)","17 (0%)"
"java.io.File","544 B (0%)","17 (0%)"
"java.lang.ThreadLocal$ThreadLocalMap$Entry","544 B (0%)","17 (0%)"
"java.util.TreeMap$EntrySet","544 B (0%)","34 (0%)"
"java.lang.Character[]","528 B (0%)","1 (0%)"
"com.sun.jmx.mbeanserver.DefaultMXBeanMappingFactory$CompositeMapping","528 B (0%)","11 (0%)"
"com.sun.jmx.mbeanserver.PerInterface","520 B (0%)","13 (0%)"
"java.lang.invoke.DirectMethodHandle$Special","520 B (0%)","13 (0%)"
"java.lang.Package$VersionInfo","520 B (0%)","13 (0%)"
"java.io.RandomAccessFile","512 B (0%)","16 (0%)"
"java.time.temporal.ChronoUnit","512 B (0%)","16 (0%)"
"java.util.zip.ZipFile$CleanableResource","512 B (0%)","16 (0%)"
"java.io.ObjectStreamClass$2","504 B (0%)","21 (0%)"
"sun.rmi.transport.ConnectionOutputStream","504 B (0%)","7 (0%)"
"sun.invoke.util.Wrapper[]","496 B (0%)","7 (0%)"
"java.net.InetAddress$InetAddressHolder","480 B (0%)","15 (0%)"
"sun.reflect.generics.factory.CoreReflectionFactory","480 B (0%)","20 (0%)"
"java.lang.StackTraceElement","480 B (0%)","10 (0%)"
"java.io.ObjectStreamClass$FieldReflector","480 B (0%)","12 (0%)"
"java.util.TreeMap$KeySet","464 B (0%)","29 (0%)"
"java.lang.Class$AnnotationData","456 B (0%)","19 (0%)"
"java.util.Collections$SetFromMap","456 B (0%)","19 (0%)"
"java.lang.Package","448 B (0%)","14 (0%)"
"java.nio.DirectByteBuffer","448 B (0%)","7 (0%)"
"java.io.ObjectInputStream$BlockDataInputStream","448 B (0%)","8 (0%)"
"sun.management.MemoryPoolImpl","448 B (0%)","8 (0%)"
"java.lang.OutOfMemoryError","440 B (0%)","11 (0%)"
"java.util.regex.Pattern","440 B (0%)","5 (0%)"
"javax.management.MBeanNotificationInfo[]","440 B (0%)","20 (0%)"
"sun.reflect.generics.scope.MethodScope","432 B (0%)","18 (0%)"
"java.time.Duration","432 B (0%)","18 (0%)"
"sun.reflect.generics.reflectiveObjects.ParameterizedTypeImpl","432 B (0%)","18 (0%)"
"java.io.ObjectStreamClass$ClassDataSlot[]","432 B (0%)","18 (0%)"
"java.lang.invoke.Invokers","432 B (0%)","18 (0%)"
"sun.security.jca.ProviderConfig","416 B (0%)","13 (0%)"
"javax.management.StandardMBean","408 B (0%)","17 (0%)"
"java.lang.Class$1","408 B (0%)","17 (0%)"
"java.lang.ThreadLocal$ThreadLocalMap$Entry[]","400 B (0%)","5 (0%)"
"java.util.Properties","392 B (0%)","7 (0%)"
"java.io.DataInputStream","384 B (0%)","12 (0%)"
"com.intellij.rt.execution.application.AppMainV2$1","384 B (0%)","1 (0%)"
"java.util.zip.ZipFile$Source$Key","384 B (0%)","16 (0%)"
"java.lang.invoke.VarHandle$AccessDescriptor","384 B (0%)","12 (0%)"
"java.lang.ref.Finalizer$FinalizerThread","384 B (0%)","1 (0%)"
"jdk.internal.reflect.NativeMethodAccessorImpl","384 B (0%)","16 (0%)"
"java.util.zip.Inflater$InflaterZStreamRef","384 B (0%)","16 (0%)"
"jdk.internal.misc.InnocuousThread","384 B (0%)","1 (0%)"
"java.util.logging.LogManager$Cleaner","384 B (0%)","1 (0%)"
"java.lang.ref.Reference$ReferenceHandler","376 B (0%)","1 (0%)"
"sun.reflect.generics.tree.FieldTypeSignature[]","360 B (0%)","21 (0%)"
"java.security.Permissions","352 B (0%)","11 (0%)"
"org.postgresql.core.NativeQuery","352 B (0%)","11 (0%)"
"java.lang.invoke.MethodType[]","352 B (0%)","8 (0%)"
"sun.reflect.generics.tree.FormalTypeParameter[]","352 B (0%)","21 (0%)"
"org.postgresql.core.ServerVersion","336 B (0%)","14 (0%)"
"java.nio.HeapByteBuffer","336 B (0%)","7 (0%)"
"java.nio.DirectLongBufferU","336 B (0%)","6 (0%)"
"sun.reflect.generics.tree.TypeSignature[]","328 B (0%)","18 (0%)"
"java.lang.ClassLoader$NativeLibrary","320 B (0%)","8 (0%)"
"sun.management.MemoryPoolImpl$PoolSensor","320 B (0%)","8 (0%)"
"java.util.HashMap$ValueIterator","320 B (0%)","8 (0%)"
"sun.management.MemoryPoolImpl$CollectionSensor","320 B (0%)","8 (0%)"
"java.lang.invoke.BoundMethodHandle$Species_LLLLLLJL","320 B (0%)","5 (0%)"
"javax.management.MBeanConstructorInfo[]","312 B (0%)","17 (0%)"
"sun.util.logging.internal.LoggingProviderImpl$JULWrapper","304 B (0%)","19 (0%)"
"java.util.logging.Level$KnownLevel","288 B (0%)","9 (0%)"
"java.net.StandardSocketOptions$StdSocketOption","288 B (0%)","12 (0%)"
"javax.management.MBeanNotificationInfo","288 B (0%)","9 (0%)"
"java.util.Hashtable$Entry","288 B (0%)","9 (0%)"
"java.util.concurrent.atomic.AtomicLong","288 B (0%)","12 (0%)"
"jdk.internal.org.objectweb.asm.Type","288 B (0%)","9 (0%)"
"java.util.logging.Level","288 B (0%)","9 (0%)"
"jdk.internal.reflect.Label","288 B (0%)","18 (0%)"
"sun.rmi.transport.tcp.TCPEndpoint","280 B (0%)","7 (0%)"
"java.io.ObjectOutputStream$BlockDataOutputStream","280 B (0%)","7 (0%)"
"java.lang.invoke.LambdaForm$Kind[]","280 B (0%)","1 (0%)"
"org.postgresql.PGProperty[]","280 B (0%)","1 (0%)"
"jdk.internal.reflect.ClassDefiner$1","272 B (0%)","17 (0%)"
"char[][]","272 B (0%)","1 (0%)"
"java.util.WeakHashMap$KeySet","272 B (0%)","17 (0%)"
"java.lang.invoke.MethodHandleImpl$Intrinsic","264 B (0%)","11 (0%)"
"jdk.internal.reflect.BootstrapConstructorAccessorImpl","256 B (0%)","16 (0%)"
"java.io.ObjectInputStream$PeekInputStream","256 B (0%)","8 (0%)"
"java.util.concurrent.atomic.AtomicInteger","256 B (0%)","16 (0%)"
"java.io.ObjectInputStream$HandleTable","256 B (0%)","8 (0%)"
"java.lang.reflect.ProxyGenerator$PrimitiveTypeInfo","256 B (0%)","8 (0%)"
"java.net.Inet4Address","240 B (0%)","10 (0%)"
"sun.util.locale.provider.LocaleResources$ResourceReference","240 B (0%)","5 (0%)"
"java.util.IdentityHashMap","240 B (0%)","6 (0%)"
"java.nio.file.StandardOpenOption","240 B (0%)","10 (0%)"
"java.nio.charset.CoderResult","240 B (0%)","10 (0%)"
"com.sun.jmx.remote.util.ClassLogger","240 B (0%)","10 (0%)"
"java.rmi.server.ObjID","240 B (0%)","10 (0%)"
"java.net.SocketCleanable","240 B (0%)","5 (0%)"
"java.security.ProtectionDomain[]","232 B (0%)","10 (0%)"
"java.lang.invoke.BoundMethodHandle$Species_LLLLLJ","224 B (0%)","4 (0%)"
"sun.rmi.transport.StreamRemoteCall","224 B (0%)","7 (0%)"
"java.util.Collections$UnmodifiableMap","224 B (0%)","7 (0%)"
"sun.security.provider.HashDrbg","224 B (0%)","2 (0%)"
"java.util.regex.Pattern$Branch","224 B (0%)","7 (0%)"
"java.lang.invoke.LambdaForm$NamedFunction[]","224 B (0%)","5 (0%)"
"org.postgresql.core.SqlCommand","224 B (0%)","7 (0%)"
"org.postgresql.core.Parser$SqlParseState","224 B (0%)","7 (0%)"
"java.io.ObjectInputStream$FieldValues","216 B (0%)","9 (0%)"
"org.postgresql.core.v3.QueryExecutorImpl","216 B (0%)","1 (0%)"
"sun.util.logging.PlatformLogger$Level","216 B (0%)","9 (0%)"
"sun.rmi.transport.ObjectEndpoint","216 B (0%)","9 (0%)"
"sun.rmi.runtime.Log$LoggerLog","216 B (0%)","9 (0%)"
"java.lang.management.MonitorInfo[]","208 B (0%)","13 (0%)"
"java.lang.management.LockInfo[]","208 B (0%)","13 (0%)"
"java.lang.Thread[]","208 B (0%)","5 (0%)"
"sun.rmi.transport.Transport$$Lambda$115.0x0000000801277c40","208 B (0%)","13 (0%)"
"java.util.Collections$SingletonSet","208 B (0%)","13 (0%)"
"java.util.EnumMap","200 B (0%)","5 (0%)"
"java.util.stream.StreamOpFlag","200 B (0%)","5 (0%)"
"java.net.SocketInputStream","192 B (0%)","4 (0%)"
"java.security.BasicPermissionCollection","192 B (0%)","6 (0%)"
"java.util.HashMap$Values","192 B (0%)","12 (0%)"
"sun.rmi.transport.Transport$1","192 B (0%)","6 (0%)"
"java.io.ObjectInputStream$FieldValues[]","192 B (0%)","8 (0%)"
"java.util.Collections$SynchronizedMap","192 B (0%)","6 (0%)"
"java.nio.DirectByteBufferR","192 B (0%)","3 (0%)"
"sun.nio.cs.UTF_8$Encoder","192 B (0%)","4 (0%)"
"sun.nio.cs.StreamEncoder","192 B (0%)","4 (0%)"
"java.lang.ThreadGroup","192 B (0%)","4 (0%)"
"java.lang.invoke.LambdaForm$BasicType","192 B (0%)","6 (0%)"
"sun.util.resources.Bundles$BundleReference","192 B (0%)","4 (0%)"
"com.sun.jmx.mbeanserver.DefaultMXBeanMappingFactory$CollectionMapping","192 B (0%)","6 (0%)"
"java.math.RoundingMode","192 B (0%)","8 (0%)"
"java.lang.invoke.VarHandleInts$FieldInstanceReadWrite","192 B (0%)","6 (0%)"
"javax.management.remote.rmi.RMIConnectionImpl$CombinedClassLoader$ClassLoaderWrapper","176 B (0%)","2 (0%)"
"javax.management.remote.rmi.RMIConnectionImpl$CombinedClassLoader","176 B (0%)","2 (0%)"
"sun.rmi.transport.Target","168 B (0%)","3 (0%)"
"java.math.BigInteger[][]","168 B (0%)","1 (0%)"
"java.lang.System$Logger$Level","168 B (0%)","7 (0%)"
"java.net.NetPermission","168 B (0%)","7 (0%)"
"javax.management.remote.rmi.RMIConnectionImpl$PrivilegedOperation","168 B (0%)","7 (0%)"
"sun.management.counter.Units","168 B (0%)","7 (0%)"
"javax.management.openmbean.OpenMBeanOperationInfoSupport","168 B (0%)","3 (0%)"
"java.util.regex.Pattern$Node[]","168 B (0%)","7 (0%)"
"java.util.regex.Pattern$GroupTail","168 B (0%)","7 (0%)"
"org.postgresql.core.SqlCommandType","168 B (0%)","7 (0%)"
"java.io.ObjectOutputStream$ReplaceTable","168 B (0%)","7 (0%)"
"java.util.regex.Pattern$GroupHead","168 B (0%)","7 (0%)"
"java.lang.Object[][]","160 B (0%)","2 (0%)"
"java.lang.invoke.DirectMethodHandle$Interface","160 B (0%)","4 (0%)"
"java.lang.invoke.DirectMethodHandle$Constructor","160 B (0%)","4 (0%)"
"java.io.FilePermission","160 B (0%)","4 (0%)"
"java.util.RegularEnumSet","160 B (0%)","5 (0%)"
"java.io.BufferedOutputStream","160 B (0%)","5 (0%)"
"java.net.Socket","160 B (0%)","5 (0%)"
"sun.util.locale.provider.LocaleProviderAdapter$Type","160 B (0%)","5 (0%)"
"java.util.Formatter$Flags","160 B (0%)","10 (0%)"
"java.lang.ThreadLocal","160 B (0%)","10 (0%)"
"javax.management.StandardEmitterMBean","160 B (0%)","5 (0%)"
"java.util.logging.Level[]","160 B (0%)","3 (0%)"
"java.lang.invoke.VarHandle$AccessType","160 B (0%)","5 (0%)"
"java.lang.String[][]","152 B (0%)","2 (0%)"
"java.util.Scanner","144 B (0%)","1 (0%)"
"java.nio.HeapCharBuffer","144 B (0%)","3 (0%)"
"java.util.BitSet","144 B (0%)","6 (0%)"
"java.util.regex.Pattern$BmpCharProperty","144 B (0%)","6 (0%)"
"java.lang.Thread$State","144 B (0%)","6 (0%)"
"java.util.concurrent.ThreadPoolExecutor$Worker","144 B (0%)","3 (0%)"
"java.lang.invoke.StringConcatFactory$Strategy","144 B (0%)","6 (0%)"
"java.lang.invoke.VarForm","144 B (0%)","6 (0%)"
"java.net.SocketOutputStream","144 B (0%)","3 (0%)"
"org.postgresql.jdbc.SslMode","144 B (0%)","6 (0%)"
"java.lang.invoke.BoundMethodHandle$Species_LLLLLLLJL","144 B (0%)","2 (0%)"
"java.util.Collections$UnmodifiableRandomAccessList","144 B (0%)","6 (0%)"
"jdk.internal.perf.PerfCounter","144 B (0%)","6 (0%)"
"java.rmi.server.Operation","144 B (0%)","9 (0%)"
"java.util.concurrent.ScheduledThreadPoolExecutor$ScheduledFutureTask","144 B (0%)","2 (0%)"
"java.lang.invoke.VarHandle$AccessMode[]","144 B (0%)","1 (0%)"
"java.time.temporal.ChronoField[]","136 B (0%)","1 (0%)"
"java.net.Inet6Address","128 B (0%)","4 (0%)"
"sun.security.provider.SHA2$SHA256","128 B (0%)","2 (0%)"
"java.net.Inet6Address$Inet6AddressHolder","128 B (0%)","4 (0%)"
"java.security.MessageDigest$Delegate","128 B (0%)","4 (0%)"
"java.util.concurrent.locks.ReentrantLock$NonfairSync","128 B (0%)","4 (0%)"
"java.io.ObjectInputStream$ValidationList","128 B (0%)","8 (0%)"
"sun.util.resources.Bundles$CacheKey","128 B (0%)","4 (0%)"
"org.postgresql.util.LruCache$LimitedMap","128 B (0%)","2 (0%)"
"java.util.ImmutableCollections$MapN","128 B (0%)","4 (0%)"
"sun.util.locale.provider.LocaleResources","128 B (0%)","4 (0%)"
"com.sun.jmx.mbeanserver.DefaultMXBeanMappingFactory$ArrayMapping","128 B (0%)","4 (0%)"
"java.io.BufferedInputStream","120 B (0%)","3 (0%)"
"java.time.LocalDateTime","120 B (0%)","5 (0%)"
"java.lang.ThreadLocal$ThreadLocalMap","120 B (0%)","5 (0%)"
"org.postgresql.jdbc.PgConnection","120 B (0%)","1 (0%)"
"java.util.concurrent.ConcurrentSkipListMap$Node","120 B (0%)","5 (0%)"
"sun.nio.fs.WindowsPathType","120 B (0%)","5 (0%)"
"jdk.internal.math.FloatingDecimal$PreparedASCIIToBinaryBuffer","120 B (0%)","5 (0%)"
"sun.rmi.transport.WeakRef","120 B (0%)","3 (0%)"
"java.lang.NamedPackage","120 B (0%)","5 (0%)"
"java.util.concurrent.ConcurrentSkipListMap$Index","120 B (0%)","5 (0%)"
"java.util.stream.StreamOpFlag$Type","120 B (0%)","5 (0%)"
"java.lang.module.ModuleDescriptor$Opens","120 B (0%)","5 (0%)"
"java.util.regex.Pattern$Start","120 B (0%)","5 (0%)"
"java.io.ObjectStreamClass$ExceptionInfo","120 B (0%)","5 (0%)"
"java.lang.invoke.LambdaForm$BasicType[]","120 B (0%)","3 (0%)"
"java.net.SocketPermission","112 B (0%)","2 (0%)"
"java.nio.DirectIntBufferRU","112 B (0%)","2 (0%)"
"java.util.GregorianCalendar","112 B (0%)","1 (0%)"
"jdk.internal.loader.ClassLoaders$AppClassLoader","112 B (0%)","1 (0%)"
"sun.security.provider.SHA","112 B (0%)","2 (0%)"
"jdk.internal.loader.ClassLoaders$BootClassLoader","112 B (0%)","1 (0%)"
"jdk.internal.loader.ClassLoaders$PlatformClassLoader","112 B (0%)","1 (0%)"
"java.util.regex.Pattern$BranchConn","112 B (0%)","7 (0%)"
"java.time.LocalTime[]","112 B (0%)","1 (0%)"
"sun.rmi.transport.tcp.TCPConnection","112 B (0%)","2 (0%)"
"sun.rmi.server.MarshalOutputStream$1","112 B (0%)","7 (0%)"
"sun.util.logging.PlatformLogger$Level[]","104 B (0%)","2 (0%)"
"java.lang.Runtime$Version","96 B (0%)","3 (0%)"
"java.sql.SQLPermission","96 B (0%)","4 (0%)"
"sun.util.calendar.Gregorian$Date","96 B (0%)","1 (0%)"
"java.time.LocalDate","96 B (0%)","4 (0%)"
"sun.security.jca.ProviderList$1","96 B (0%)","1 (0%)"
"java.lang.System$Logger$Level[]","96 B (0%)","2 (0%)"
"java.util.stream.StreamShape","96 B (0%)","4 (0%)"
"java.util.Collections$UnmodifiableCollection$1","96 B (0%)","4 (0%)"
"java.util.regex.Pattern$BitClass","96 B (0%)","4 (0%)"
"org.postgresql.jdbc.PreferQueryMode","96 B (0%)","4 (0%)"
"jdk.internal.loader.ClassLoaderValue","96 B (0%)","6 (0%)"
"java.lang.invoke.SimpleMethodHandle","96 B (0%)","3 (0%)"
"sun.reflect.generics.reflectiveObjects.TypeVariableImpl","96 B (0%)","3 (0%)"
"java.security.SecureClassLoader$CodeSourceKey","96 B (0%)","6 (0%)"
"java.io.OutputStreamWriter","96 B (0%)","4 (0%)"
"org.postgresql.core.JavaVersion","96 B (0%)","4 (0%)"
"java.util.regex.Pattern$Qtype","96 B (0%)","4 (0%)"
"sun.nio.cs.StreamDecoder","96 B (0%)","2 (0%)"
"java.time.OffsetDateTime","96 B (0%)","4 (0%)"
"java.lang.module.ModuleDescriptor$Modifier","96 B (0%)","4 (0%)"
"javax.management.openmbean.TabularType","96 B (0%)","2 (0%)"
"jdk.internal.logger.BootstrapLogger$LoggingBackend","96 B (0%)","4 (0%)"
"java.util.regex.Pattern$BmpCharPredicate$$Lambda$56.0x0000000801219040","96 B (0%)","4 (0%)"
"sun.nio.fs.NativeBuffer","96 B (0%)","3 (0%)"
"sun.reflect.generics.repository.ClassRepository","96 B (0%)","3 (0%)"
"org.postgresql.util.LruCache","96 B (0%)","2 (0%)"
"jdk.internal.loader.AbstractClassLoaderValue$Sub","96 B (0%)","4 (0%)"
"com.sun.jmx.remote.util.ClassLoaderWithRepository","96 B (0%)","1 (0%)"
"java.util.regex.Pattern$CharPropertyGreedy","96 B (0%)","4 (0%)"
"sun.security.provider.Sun","96 B (0%)","1 (0%)"
"com.sun.jmx.mbeanserver.DefaultMXBeanMappingFactory$EnumMapping","96 B (0%)","3 (0%)"
"java.lang.module.ModuleDescriptor$Requires$Modifier","96 B (0%)","4 (0%)"
"java.io.ObjectStreamClass$MemberSignature[]","96 B (0%)","6 (0%)"
"sun.rmi.transport.tcp.TCPChannel","96 B (0%)","2 (0%)"
"javax.management.MBeanConstructorInfo","96 B (0%)","3 (0%)"
"com.sun.management.internal.GarbageCollectorExtImpl","96 B (0%)","2 (0%)"
"java.util.regex.Pattern$BmpCharPropertyGreedy","96 B (0%)","4 (0%)"
"jdk.internal.jimage.ImageReader$SharedImageReader","96 B (0%)","1 (0%)"
"java.lang.management.LockInfo","96 B (0%)","4 (0%)"
"org.postgresql.core.Parser$SqlParseState[]","96 B (0%)","2 (0%)"
"java.util.concurrent.ConcurrentSkipListMap","96 B (0%)","2 (0%)"
"org.postgresql.hostchooser.HostStatus","96 B (0%)","4 (0%)"
"sun.net.spi.DefaultProxySelector$NonProxyInfo","96 B (0%)","3 (0%)"
"sun.rmi.transport.LiveRef","96 B (0%)","3 (0%)"
"sun.security.jca.ProviderConfig[]","88 B (0%)","2 (0%)"
"java.rmi.server.Operation[]","88 B (0%)","3 (0%)"
"com.sun.jmx.remote.util.OrderClassLoaders","88 B (0%)","1 (0%)"
"java.util.jar.JarVerifier","88 B (0%)","1 (0%)"
"sun.reflect.misc.MethodUtil","88 B (0%)","1 (0%)"
"sun.rmi.server.UnicastServerRef2","80 B (0%)","2 (0%)"
"org.postgresql.jdbc.TypeInfoCache","80 B (0%)","1 (0%)"
"sun.nio.cs.UTF_8$Decoder","80 B (0%)","2 (0%)"
"java.net.InetAddress$CachedAddresses","80 B (0%)","2 (0%)"
"sun.management.MemoryManagerImpl","80 B (0%)","2 (0%)"
"java.lang.ModuleLayer","80 B (0%)","2 (0%)"
"org.postgresql.hostchooser.HostRequirement[]","80 B (0%)","2 (0%)"
"java.util.Locale$Category","80 B (0%)","2 (0%)"
"java.io.PrintStream","80 B (0%)","2 (0%)"
"org.postgresql.core.PGStream","80 B (0%)","1 (0%)"
"jdk.internal.math.FloatingDecimal$BinaryToASCIIBuffer","80 B (0%)","2 (0%)"
"java.util.concurrent.ConcurrentHashMap$ValuesView","80 B (0%)","5 (0%)"
"java.time.temporal.ChronoUnit[]","80 B (0%)","1 (0%)"
"java.lang.NoSuchMethodError","80 B (0%)","2 (0%)"
"java.lang.module.Configuration","80 B (0%)","2 (0%)"
"java.util.concurrent.ScheduledThreadPoolExecutor","80 B (0%)","1 (0%)"
"sun.util.locale.provider.JRELocaleProviderAdapter","80 B (0%)","1 (0%)"
"java.io.BufferedWriter","80 B (0%)","2 (0%)"
"sun.util.locale.provider.LocaleProviderAdapter$NonExistentAdapter","80 B (0%)","1 (0%)"
"java.util.concurrent.RunnableScheduledFuture[]","80 B (0%)","1 (0%)"
"java.util.regex.Pattern$$Lambda$54.0x0000000801219840","80 B (0%)","5 (0%)"
"jdk.internal.reflect.UnsafeQualifiedStaticObjectFieldAccessorImpl","80 B (0%)","2 (0%)"
"org.postgresql.jdbc.SslMode[]","80 B (0%)","2 (0%)"
"float[]","80 B (0%)","2 (0%)"
"java.util.stream.StreamOpFlag$Type[]","80 B (0%)","2 (0%)"
"sun.rmi.transport.tcp.TCPTransport$ConnectionHandler","80 B (0%)","2 (0%)"
"jdk.internal.reflect.ConstantPool","80 B (0%)","5 (0%)"
"sun.util.cldr.CLDRLocaleProviderAdapter","80 B (0%)","1 (0%)"
"java.lang.VirtualMachineError","80 B (0%)","2 (0%)"
"com.sun.jmx.mbeanserver.DefaultMXBeanMappingFactory$TabularMapping","80 B (0%)","2 (0%)"
"java.io.ByteArrayOutputStream","72 B (0%)","3 (0%)"
"java.security.DrbgParameters$Capability","72 B (0%)","3 (0%)"
"org.postgresql.core.TransactionState","72 B (0%)","3 (0%)"
"java.time.ZoneOffset","72 B (0%)","3 (0%)"
"java.security.SecurityPermission","72 B (0%)","3 (0%)"
"sun.nio.fs.NativeBuffer$Deallocator","72 B (0%)","3 (0%)"
"sun.reflect.generics.tree.ClassSignature","72 B (0%)","3 (0%)"
"org.postgresql.jdbc.AutoSave","72 B (0%)","3 (0%)"
"jdk.internal.module.IllegalAccessLogger$Mode","72 B (0%)","3 (0%)"
"java.lang.annotation.RetentionPolicy","72 B (0%)","3 (0%)"
"java.security.SecureRandom","72 B (0%)","1 (0%)"
"java.util.concurrent.ThreadPoolExecutor","72 B (0%)","1 (0%)"
"org.postgresql.core.ServerVersion[]","72 B (0%)","1 (0%)"
"java.util.stream.Collector$Characteristics","72 B (0%)","3 (0%)"
"java.util.concurrent.locks.AbstractQueuedSynchronizer$ConditionObject","72 B (0%)","3 (0%)"
"java.util.regex.Pattern$$Lambda$19.0x0000000801206440","72 B (0%)","3 (0%)"
"java.rmi.MarshalledObject$MarshalledObjectInputStream","72 B (0%)","1 (0%)"
"java.lang.invoke.StringConcatFactory$Mode","72 B (0%)","3 (0%)"
"sun.reflect.generics.tree.FormalTypeParameter","72 B (0%)","3 (0%)"
"org.postgresql.jdbc.EscapeSyntaxCallMode","72 B (0%)","3 (0%)"
"org.postgresql.jdbc.PgConnection$ReadOnlyBehavior","72 B (0%)","3 (0%)"
"javax.management.openmbean.SimpleType[]","72 B (0%)","1 (0%)"
"java.net.Proxy$Type","72 B (0%)","3 (0%)"
"javax.management.Attribute","72 B (0%)","3 (0%)"
"jdk.internal.math.FloatingDecimal$ExceptionalBinaryToASCIIBuffer","72 B (0%)","3 (0%)"
"java.io.ObjectInputFilter$Status","72 B (0%)","3 (0%)"
"java.util.regex.Matcher","72 B (0%)","1 (0%)"
"java.lang.invoke.BoundMethodHandle$Species_LLLLLLLLJL","72 B (0%)","1 (0%)"
"java.lang.WeakPairMap","72 B (0%)","3 (0%)"
"java.net.InetAddress[]","72 B (0%)","2 (0%)"
"java.io.FilePermissionCollection","72 B (0%)","3 (0%)"
"java.util.stream.FindOps$FindOp","64 B (0%)","2 (0%)"
"java.lang.ref.ReferenceQueue$Null","64 B (0%)","2 (0%)"
"java.util.stream.Collector$Characteristics[]","64 B (0%)","2 (0%)"
"java.lang.management.ThreadInfo[]","64 B (0%)","1 (0%)"
"javax.management.remote.rmi.RMIJRMPServerImpl","64 B (0%)","1 (0%)"
"java.util.logging.LogManager$RootLogger","64 B (0%)","1 (0%)"
"java.util.PropertyPermission","64 B (0%)","2 (0%)"
"org.postgresql.jdbc.AutoSave[]","64 B (0%)","2 (0%)"
"sun.nio.fs.NativeBuffer[]","64 B (0%)","2 (0%)"
"sun.rmi.transport.tcp.TCPTransport","64 B (0%)","2 (0%)"
"java.lang.invoke.BoundMethodHandle$Species_LLLLLLJ","64 B (0%)","1 (0%)"
"java.nio.charset.CoderResult[]","64 B (0%)","2 (0%)"
"java.util.concurrent.ConcurrentHashMap$EntrySetView","64 B (0%)","4 (0%)"
"java.lang.annotation.RetentionPolicy[]","64 B (0%)","2 (0%)"
"org.postgresql.core.CachedQuery","64 B (0%)","2 (0%)"
"java.io.FileOutputStream","64 B (0%)","2 (0%)"
"java.util.concurrent.atomic.LongAdder","64 B (0%)","2 (0%)"
"java.util.concurrent.locks.ReentrantLock","64 B (0%)","4 (0%)"
"org.postgresql.jdbc.PgConnection$ReadOnlyBehavior[]","64 B (0%)","2 (0%)"
"javax.management.remote.rmi.RMIConnectionImpl","64 B (0%)","1 (0%)"
"java.lang.invoke.MethodHandleImpl$Intrinsic[]","64 B (0%)","1 (0%)"
"javax.management.remote.rmi.RMIConnectorServer","64 B (0%)","1 (0%)"
"sun.reflect.annotation.AnnotationType","64 B (0%)","2 (0%)"
"java.util.regex.Pattern$$Lambda$17.0x0000000801205c40","64 B (0%)","4 (0%)"
"java.util.LinkedList","64 B (0%)","2 (0%)"
"java.util.concurrent.locks.AbstractQueuedSynchronizer$Node","64 B (0%)","2 (0%)"
"java.util.regex.Pattern$BitClass$$Lambda$16.0x0000000801205840","64 B (0%)","4 (0%)"
"java.util.LinkedHashMap","56 B (0%)","1 (0%)"
"int[][]","56 B (0%)","1 (0%)"
"java.lang.invoke.LambdaFormEditor$Transform","56 B (0%)","1 (0%)"
"jdk.internal.ref.CleanerImpl$SoftCleanableRef","56 B (0%)","1 (0%)"
"java.nio.file.StandardOpenOption[]","56 B (0%)","1 (0%)"
"java.util.logging.LogManager","56 B (0%)","1 (0%)"
"java.io.ObjectInputFilter$Config$Global","56 B (0%)","1 (0%)"
"java.lang.Runnable[]","56 B (0%)","1 (0%)"
"java.lang.invoke.BoundMethodHandle$Specializer","56 B (0%)","1 (0%)"
"sun.reflect.generics.tree.ClassTypeSignature[]","56 B (0%)","3 (0%)"
"jdk.internal.org.objectweb.asm.Label","56 B (0%)","1 (0%)"
"java.lang.invoke.BoundMethodHandle$Specializer$Factory","48 B (0%)","1 (0%)"
"com.sun.jmx.mbeanserver.MBeanIntrospector$MBeanInfoMap","48 B (0%)","1 (0%)"
"jdk.internal.misc.Signal","48 B (0%)","2 (0%)"
"sun.reflect.generics.scope.ClassScope","48 B (0%)","2 (0%)"
"sun.security.jca.ProviderList$3","48 B (0%)","2 (0%)"
"jdk.management.jfr.FlightRecorderMXBeanImpl","48 B (0%)","1 (0%)"
"java.lang.annotation.Annotation[]","48 B (0%)","3 (0%)"
"java.io.BufferedReader","48 B (0%)","1 (0%)"
"java.lang.management.MemoryPoolMXBean[]","48 B (0%)","1 (0%)"
"sun.management.ManagementFactoryHelper$1","48 B (0%)","2 (0%)"
"com.sun.jmx.mbeanserver.MBeanIntrospector$PerInterfaceMap","48 B (0%)","1 (0%)"
"java.util.ResourceBundle$NoFallbackControl","48 B (0%)","3 (0%)"
"java.util.concurrent.TimeUnit[]","48 B (0%)","1 (0%)"
"java.io.File$PathStatus","48 B (0%)","2 (0%)"
"java.util.concurrent.locks.ReentrantReadWriteLock$FairSync","48 B (0%)","1 (0%)"
"java.io.InputStreamReader","48 B (0%)","2 (0%)"
"javax.management.NotificationBroadcasterSupport","48 B (0%)","2 (0%)"
"jdk.internal.ref.CleanerImpl$WeakCleanableRef","48 B (0%)","1 (0%)"
"javax.management.remote.rmi.RMIConnectionImpl$RMIServerCommunicatorAdmin","48 B (0%)","1 (0%)"
"sun.rmi.runtime.Log$InternalStreamHandler","48 B (0%)","1 (0%)"
"sun.util.locale.provider.LocaleServiceProviderPool","48 B (0%)","2 (0%)"
"jdk.internal.module.ServicesCatalog","48 B (0%)","3 (0%)"
"java.math.RoundingMode[]","48 B (0%)","1 (0%)"
"java.util.concurrent.ConcurrentHashMap$KeySetView","48 B (0%)","2 (0%)"
"sun.security.provider.MoreDrbgParameters","48 B (0%)","1 (0%)"
"sun.security.jca.ProviderList","48 B (0%)","2 (0%)"
"java.nio.charset.CodingErrorAction","48 B (0%)","3 (0%)"
"java.rmi.dgc.VMID","48 B (0%)","2 (0%)"
"java.lang.invoke.MethodHandles$Lookup","48 B (0%)","2 (0%)"
"jdk.internal.misc.Signal$NativeHandler","48 B (0%)","2 (0%)"
"java.time.chrono.IsoEra","48 B (0%)","2 (0%)"
"java.util.logging.Logger$LoggerBundle","48 B (0%)","2 (0%)"
"java.util.logging.LoggingPermission","48 B (0%)","2 (0%)"
"com.sun.jmx.mbeanserver.WeakIdentityHashMap","48 B (0%)","2 (0%)"
"java.util.LinkedList$Node","48 B (0%)","2 (0%)"
"com.sun.jmx.mbeanserver.DefaultMXBeanMappingFactory$Mappings","48 B (0%)","1 (0%)"
"sun.security.jca.GetInstance$Instance","48 B (0%)","2 (0%)"
"org.postgresql.core.SqlCommandType[]","48 B (0%)","1 (0%)"
"com.sun.jmx.mbeanserver.ClassLoaderRepositorySupport$LoaderEntry","48 B (0%)","2 (0%)"
"java.lang.reflect.ReflectPermission","48 B (0%)","2 (0%)"
"jdk.internal.jimage.ImageHeader","48 B (0%)","1 (0%)"
"java.lang.reflect.TypeVariable[]","48 B (0%)","2 (0%)"
"org.postgresql.jdbc.TimestampUtils","48 B (0%)","1 (0%)"
"sun.management.counter.Units[]","48 B (0%)","1 (0%)"
"jdk.internal.ref.CleanerImpl$CleanerCleanable","40 B (0%)","1 (0%)"
"java.lang.invoke.MethodHandleImpl$IntrinsicMethodHandle","40 B (0%)","1 (0%)"
"java.net.URL[]","40 B (0%)","2 (0%)"
"sun.nio.cs.StandardCharsets$Aliases","40 B (0%)","1 (0%)"
"java.util.stream.StreamOpFlag[]","40 B (0%)","1 (0%)"
"sun.nio.cs.StandardCharsets$Classes","40 B (0%)","1 (0%)"
"sun.nio.cs.StandardCharsets$Cache","40 B (0%)","1 (0%)"
"org.postgresql.core.v3.SimpleParameterList","40 B (0%)","1 (0%)"
"com.sun.jmx.interceptor.DefaultMBeanServerInterceptor","40 B (0%)","1 (0%)"
"com.sun.jmx.mbeanserver.MBeanServerDelegateImpl","40 B (0%)","1 (0%)"
"java.lang.invoke.StringConcatFactory$Strategy[]","40 B (0%)","1 (0%)"
"com.sun.management.internal.DiagnosticCommandImpl","40 B (0%)","1 (0%)"
"sun.util.locale.provider.LocaleProviderAdapter$Type[]","40 B (0%)","1 (0%)"
"com.sun.jmx.mbeanserver.JmxMBeanServer","40 B (0%)","1 (0%)"
"sun.nio.cs.US_ASCII$Decoder","40 B (0%)","1 (0%)"
"java.lang.invoke.LambdaForm$Name[][]","40 B (0%)","1 (0%)"
"java.lang.Thread$State[]","40 B (0%)","1 (0%)"
"java.lang.Exception","40 B (0%)","1 (0%)"
"java.lang.NullPointerException","40 B (0%)","1 (0%)"
"sun.rmi.server.UnicastServerRef","40 B (0%)","1 (0%)"
"sun.util.resources.Bundles$1","40 B (0%)","1 (0%)"
"java.lang.ArithmeticException","40 B (0%)","1 (0%)"
"sun.nio.fs.WindowsPathType[]","40 B (0%)","1 (0%)"
"javax.management.MBeanPermission","40 B (0%)","1 (0%)"
"jdk.internal.loader.URLClassPath","40 B (0%)","1 (0%)"
"com.sun.jmx.mbeanserver.ClassLoaderRepositorySupport$LoaderEntry[]","40 B (0%)","2 (0%)"
"java.lang.ref.Finalizer","40 B (0%)","1 (0%)"
"java.lang.invoke.VarHandle$AccessType[]","40 B (0%)","1 (0%)"
"java.util.ResourceBundle$2","40 B (0%)","1 (0%)"
"sun.util.locale.InternalLocaleBuilder","40 B (0%)","1 (0%)"
"java.lang.OutOfMemoryError[]","32 B (0%)","1 (0%)"
"org.postgresql.core.JavaVersion[]","32 B (0%)","1 (0%)"
"java.io.ObjectInputFilter$Status[]","32 B (0%)","1 (0%)"
"java.security.DrbgParameters$Capability[]","32 B (0%)","1 (0%)"
"java.util.TreeSet","32 B (0%)","2 (0%)"
"org.postgresql.core.TransactionState[]","32 B (0%)","1 (0%)"
"java.util.concurrent.ThreadLocalRandom","32 B (0%)","1 (0%)"
"java.lang.module.ModuleDescriptor$Requires$Modifier[]","32 B (0%)","1 (0%)"
"sun.rmi.transport.DGCImpl$LeaseInfo","32 B (0%)","1 (0%)"
"org.postgresql.hostchooser.GlobalHostStatusTracker$HostSpecStatus","32 B (0%)","1 (0%)"
"org.postgresql.core.CommandCompleteParser","32 B (0%)","1 (0%)"
"java.lang.module.ModuleDescriptor$Version","32 B (0%)","1 (0%)"
"sun.rmi.transport.tcp.TCPTransport$ConnectionHandler$$Lambda$109.0x0000000801271040","32 B (0%)","2 (0%)"
"java.lang.invoke.VarHandleLongs$FieldInstanceReadWrite","32 B (0%)","1 (0%)"
"java.util.concurrent.SynchronousQueue","32 B (0%)","1 (0%)"
"sun.instrument.InstrumentationImpl","32 B (0%)","1 (0%)"
"sun.nio.cs.StandardCharsets","32 B (0%)","1 (0%)"
"sun.util.resources.LocaleData","32 B (0%)","2 (0%)"
"sun.rmi.server.UnicastRef2","32 B (0%)","2 (0%)"
"org.postgresql.core.VisibleBufferedInputStream","32 B (0%)","1 (0%)"
"java.lang.invoke.StringConcatFactory$Mode[]","32 B (0%)","1 (0%)"
"jdk.internal.logger.BootstrapLogger$LoggingBackend[]","32 B (0%)","1 (0%)"
"java.lang.ThreadGroup[]","32 B (0%)","1 (0%)"
"java.io.ObjectStreamClass$1","32 B (0%)","2 (0%)"
"java.io.ObjectStreamClass$4","32 B (0%)","2 (0%)"
"java.io.ObjectStreamClass$3","32 B (0%)","2 (0%)"
"java.io.ObjectStreamClass$5","32 B (0%)","2 (0%)"
"org.postgresql.jdbc.PreferQueryMode[]","32 B (0%)","1 (0%)"
"org.postgresql.core.v3.Portal","32 B (0%)","1 (0%)"
"javax.management.AttributeList","32 B (0%)","1 (0%)"
"javax.management.remote.JMXServiceURL","32 B (0%)","1 (0%)"
"java.util.stream.StreamShape[]","32 B (0%)","1 (0%)"
"java.nio.ByteOrder","32 B (0%)","2 (0%)"
"ru.job4j.tracker.MenuTracker","32 B (0%)","1 (0%)"
"com.sun.jmx.mbeanserver.Repository","32 B (0%)","1 (0%)"
"java.net.InetAddress$CachedLocalHost","32 B (0%)","1 (0%)"
"sun.rmi.server.WeakClassHashMap$ValueCell","32 B (0%)","2 (0%)"
"java.io.ByteArrayInputStream","32 B (0%)","1 (0%)"
"jdk.internal.ref.CleanerImpl","32 B (0%)","1 (0%)"
"java.io.WinNTFileSystem","32 B (0%)","1 (0%)"
"jdk.internal.module.IllegalAccessLogger","32 B (0%)","1 (0%)"
"java.util.IdentityHashMap$KeySet","32 B (0%)","2 (0%)"
"java.lang.Boolean","32 B (0%)","2 (0%)"
"java.rmi.MarshalledObject","32 B (0%)","1 (0%)"
"jdk.internal.module.IllegalAccessLogger$Mode[]","32 B (0%)","1 (0%)"
"org.postgresql.hostchooser.HostStatus[]","32 B (0%)","1 (0%)"
"org.postgresql.core.PGStream$1","32 B (0%)","1 (0%)"
"sun.rmi.transport.tcp.TCPTransport$AcceptLoop","32 B (0%)","1 (0%)"
"java.util.concurrent.ScheduledThreadPoolExecutor$DelayedWorkQueue","32 B (0%)","1 (0%)"
"java.net.Proxy$Type[]","32 B (0%)","1 (0%)"
"java.util.logging.LogManager$SystemLoggerContext","32 B (0%)","1 (0%)"
"sun.management.jmxremote.LocalRMIServerSocketFactory$1","32 B (0%)","1 (0%)"
"java.lang.management.MemoryManagerMXBean[]","32 B (0%)","1 (0%)"
"java.util.regex.Pattern$Qtype[]","32 B (0%)","1 (0%)"
"java.lang.module.ModuleDescriptor$Modifier[]","32 B (0%)","1 (0%)"
"org.postgresql.jdbc.EscapeSyntaxCallMode[]","32 B (0%)","1 (0%)"
"java.util.concurrent.ConcurrentHashMap$ReservationNode","32 B (0%)","1 (0%)"
"javax.management.remote.rmi.RMIConnectionImpl$SetCcl","32 B (0%)","2 (0%)"
"java.io.FileInputStream","32 B (0%)","1 (0%)"
"java.lang.Shutdown$Lock","32 B (0%)","2 (0%)"
"org.postgresql.core.ByteOptimizedUTF8Encoder","32 B (0%)","1 (0%)"
"java.util.ResourceBundle$SingleFormatControl","32 B (0%)","2 (0%)"
"java.util.Optional","32 B (0%)","2 (0%)"
"sun.util.locale.provider.NumberFormatProviderImpl","24 B (0%)","1 (0%)"
"com.sun.jmx.mbeanserver.ClassLoaderRepositorySupport","24 B (0%)","1 (0%)"
"jdk.internal.jimage.ImageReader","24 B (0%)","1 (0%)"
"java.util.Locale$Cache","24 B (0%)","1 (0%)"
"jdk.internal.module.ModuleBootstrap$SafeModuleFinder","24 B (0%)","1 (0%)"
"java.util.ResourceBundle$Control$CandidateListCache","24 B (0%)","1 (0%)"
"jdk.internal.loader.URLClassPath$FileLoader","24 B (0%)","1 (0%)"
"java.lang.management.DefaultPlatformMBeanProvider$1","24 B (0%)","1 (0%)"
"java.lang.management.DefaultPlatformMBeanProvider$2","24 B (0%)","1 (0%)"
"org.postgresql.util.SharedTimer","24 B (0%)","1 (0%)"
"sun.security.provider.DRBG","24 B (0%)","1 (0%)"
"java.security.AllPermissionCollection","24 B (0%)","1 (0%)"
"java.lang.management.DefaultPlatformMBeanProvider$9","24 B (0%)","1 (0%)"
"java.lang.management.DefaultPlatformMBeanProvider$7","24 B (0%)","1 (0%)"
"java.lang.management.DefaultPlatformMBeanProvider$8","24 B (0%)","1 (0%)"
"java.lang.management.DefaultPlatformMBeanProvider$5","24 B (0%)","1 (0%)"
"java.lang.management.DefaultPlatformMBeanProvider$6","24 B (0%)","1 (0%)"
"java.lang.management.DefaultPlatformMBeanProvider$3","24 B (0%)","1 (0%)"
"java.lang.management.DefaultPlatformMBeanProvider$4","24 B (0%)","1 (0%)"
"sun.management.ManagementFactoryHelper$PlatformLoggingImpl","24 B (0%)","1 (0%)"
"ru.job4j.tracker.CreateUselessActions","24 B (0%)","1 (0%)"
"sun.nio.cs.ISO_8859_1","24 B (0%)","1 (0%)"
"org.postgresql.hostchooser.HostRequirement$4","24 B (0%)","1 (0%)"
"org.postgresql.hostchooser.HostRequirement$5","24 B (0%)","1 (0%)"
"java.time.chrono.IsoEra[]","24 B (0%)","1 (0%)"
"ru.job4j.tracker.ExitAction","24 B (0%)","1 (0%)"
"sun.nio.cs.US_ASCII","24 B (0%)","1 (0%)"
"sun.nio.cs.ThreadLocalCoders$1","24 B (0%)","1 (0%)"
"sun.nio.cs.ThreadLocalCoders$2","24 B (0%)","1 (0%)"
"org.postgresql.hostchooser.HostRequirement$2","24 B (0%)","1 (0%)"
"org.postgresql.hostchooser.HostRequirement$3","24 B (0%)","1 (0%)"
"org.postgresql.hostchooser.HostRequirement$1","24 B (0%)","1 (0%)"
"java.sql.DriverInfo","24 B (0%)","1 (0%)"
"java.util.regex.Pattern$Dollar","24 B (0%)","1 (0%)"
"sun.util.locale.provider.DecimalFormatSymbolsProviderImpl","24 B (0%)","1 (0%)"
"com.sun.management.internal.PlatformMBeanProviderImpl$1","24 B (0%)","1 (0%)"
"com.sun.management.internal.PlatformMBeanProviderImpl$5","24 B (0%)","1 (0%)"
"com.sun.management.internal.PlatformMBeanProviderImpl$4","24 B (0%)","1 (0%)"
"com.sun.management.internal.PlatformMBeanProviderImpl$3","24 B (0%)","1 (0%)"
"com.sun.management.internal.PlatformMBeanProviderImpl$2","24 B (0%)","1 (0%)"
"sun.nio.cs.MS1251","24 B (0%)","1 (0%)"
"sun.rmi.transport.DGCImpl","24 B (0%)","1 (0%)"
"java.net.SocketPermissionCollection","24 B (0%)","1 (0%)"
"java.security.Permission[]","24 B (0%)","1 (0%)"
"sun.nio.cs.UTF_8","24 B (0%)","1 (0%)"
"org.postgresql.util.HostSpec","24 B (0%)","1 (0%)"
"java.net.Inet6AddressImpl","24 B (0%)","1 (0%)"
"java.util.regex.Pattern$Slice","24 B (0%)","1 (0%)"
"com.sun.management.internal.HotSpotThreadImpl","24 B (0%)","1 (0%)"
"javax.management.remote.rmi.RMIConnectionImpl$6","24 B (0%)","1 (0%)"
"javax.management.remote.rmi.RMIConnectionImpl$7","24 B (0%)","1 (0%)"
"java.util.concurrent.locks.ReentrantReadWriteLock$Sync$HoldCounter","24 B (0%)","1 (0%)"
"sun.management.RuntimeImpl","24 B (0%)","1 (0%)"
"java.util.Locale$Category[]","24 B (0%)","1 (0%)"
"sun.util.cldr.CLDRTimeZoneNameProviderImpl","24 B (0%)","1 (0%)"
"ru.job4j.tracker.FindByNameAction","24 B (0%)","1 (0%)"
"sun.instrument.TransformerManager","24 B (0%)","1 (0%)"
"java.lang.StringCoding$Result","24 B (0%)","1 (0%)"
"java.util.concurrent.locks.ReentrantReadWriteLock","24 B (0%)","1 (0%)"
"java.util.Scanner$PatternLRUCache","24 B (0%)","1 (0%)"
"java.util.Collections$EmptyMap","24 B (0%)","1 (0%)"
"java.util.Collections$SynchronizedCollection","24 B (0%)","1 (0%)"
"jdk.management.jfr.StreamManager","24 B (0%)","1 (0%)"
"sun.management.MemoryImpl","24 B (0%)","1 (0%)"
"jdk.management.jfr.internal.FlightRecorderMXBeanProvider$SingleMBeanComponent","24 B (0%)","1 (0%)"
"java.util.logging.LogManager$LoggerContext","24 B (0%)","1 (0%)"
"sun.nio.cs.UTF_16BE","24 B (0%)","1 (0%)"
"java.net.Proxy","24 B (0%)","1 (0%)"
"com.sun.jmx.mbeanserver.MXBeanLookup","24 B (0%)","1 (0%)"
"ru.job4j.tracker.FindByIdAction","24 B (0%)","1 (0%)"
"sun.rmi.runtime.RuntimeUtil$1","24 B (0%)","1 (0%)"
"sun.nio.fs.WindowsFileSystem","24 B (0%)","1 (0%)"
"java.util.zip.ZipCoder$UTF8","24 B (0%)","1 (0%)"
"sun.management.ManagementFactoryHelper$LoggingMXBeanAccess","24 B (0%)","1 (0%)"
"org.postgresql.core.Encoding","24 B (0%)","1 (0%)"
"java.util.regex.Pattern$CharProperty","24 B (0%)","1 (0%)"
"java.io.File$PathStatus[]","24 B (0%)","1 (0%)"
"sun.nio.cs.UTF_16LE","24 B (0%)","1 (0%)"
"org.postgresql.core.v3.replication.V3ReplicationProtocol","24 B (0%)","1 (0%)"
"sun.management.VMManagementImpl","24 B (0%)","1 (0%)"
"ru.job4j.tracker.DeleteAction","24 B (0%)","1 (0%)"
"sun.nio.cs.UTF_16","24 B (0%)","1 (0%)"
"java.security.Permissions$1","24 B (0%)","1 (0%)"
"java.util.regex.Pattern$CharPredicate$$Lambda$21.0x0000000801207040","24 B (0%)","1 (0%)"
"java.net.InetSocketAddress[]","24 B (0%)","1 (0%)"
"ru.job4j.tracker.CreateAction","24 B (0%)","1 (0%)"
"ru.job4j.tracker.PrintAllAction","24 B (0%)","1 (0%)"
"sun.util.cldr.CLDRCalendarDataProviderImpl","24 B (0%)","1 (0%)"
"ru.job4j.tracker.EditAction","24 B (0%)","1 (0%)"
"sun.net.ProgressMonitor","24 B (0%)","1 (0%)"
"java.util.concurrent.Executors$RunnableAdapter","24 B (0%)","1 (0%)"
"sun.util.locale.BaseLocale$Cache","24 B (0%)","1 (0%)"
"jdk.internal.module.ModuleHashes","24 B (0%)","1 (0%)"
"java.lang.management.DefaultPlatformMBeanProvider$10","24 B (0%)","1 (0%)"
"java.lang.management.DefaultPlatformMBeanProvider$11","24 B (0%)","1 (0%)"
"ru.job4j.tracker.StartUI","24 B (0%)","1 (0%)"
"com.sun.management.internal.OperatingSystemImpl","24 B (0%)","1 (0%)"
"java.net.InetAddress","24 B (0%)","1 (0%)"
"sun.rmi.transport.SequenceEntry","24 B (0%)","1 (0%)"
"java.security.PermissionsHash","24 B (0%)","1 (0%)"
"ru.job4j.tracker.ValidateInput","24 B (0%)","1 (0%)"
"java.util.jar.Manifest[]","24 B (0%)","1 (0%)"
"java.lang.Double","24 B (0%)","1 (0%)"
"java.lang.invoke.MethodType$ConcurrentWeakInternSet","24 B (0%)","1 (0%)"
"sun.management.CompilationImpl","24 B (0%)","1 (0%)"
"sun.util.locale.provider.TimeZoneNameProviderImpl","24 B (0%)","1 (0%)"
"jdk.internal.logger.BootstrapLogger$RedirectedLoggers","24 B (0%)","1 (0%)"
"jdk.internal.reflect.GeneratedMethodAccessor34","16 B (0%)","1 (0%)"
"jdk.internal.reflect.GeneratedMethodAccessor32","16 B (0%)","1 (0%)"
"jdk.internal.reflect.GeneratedMethodAccessor31","16 B (0%)","1 (0%)"
"jdk.internal.reflect.GeneratedMethodAccessor38","16 B (0%)","1 (0%)"
"jdk.internal.reflect.GeneratedMethodAccessor37","16 B (0%)","1 (0%)"
"sun.rmi.transport.tcp.TCPEndpoint$$Lambda$95.0x0000000801256440","16 B (0%)","1 (0%)"
"jdk.internal.reflect.GeneratedMethodAccessor36","16 B (0%)","1 (0%)"
"jdk.internal.reflect.GeneratedMethodAccessor39","16 B (0%)","1 (0%)"
"java.util.logging.Level$KnownLevel$$Lambda$26.0x000000080120fc40","16 B (0%)","1 (0%)"
"java.lang.InheritableThreadLocal","16 B (0%)","1 (0%)"
"jdk.internal.jimage.ImageReaderFactory$1","16 B (0%)","1 (0%)"
"jdk.internal.reflect.GeneratedMethodAccessor30","16 B (0%)","1 (0%)"
"jdk.internal.reflect.GeneratedMethodAccessor23","16 B (0%)","1 (0%)"
"jdk.internal.reflect.GeneratedMethodAccessor22","16 B (0%)","1 (0%)"
"jdk.internal.reflect.GeneratedMethodAccessor21","16 B (0%)","1 (0%)"
"jdk.internal.reflect.GeneratedMethodAccessor20","16 B (0%)","1 (0%)"
"jdk.internal.reflect.GeneratedMethodAccessor27","16 B (0%)","1 (0%)"
"jdk.internal.reflect.GeneratedMethodAccessor26","16 B (0%)","1 (0%)"
"jdk.internal.reflect.GeneratedMethodAccessor25","16 B (0%)","1 (0%)"
"jdk.internal.reflect.GeneratedMethodAccessor24","16 B (0%)","1 (0%)"
"sun.rmi.transport.DGCImpl_Stub","16 B (0%)","1 (0%)"
"java.util.logging.ErrorManager","16 B (0%)","1 (0%)"
"jdk.internal.reflect.GeneratedMethodAccessor29","16 B (0%)","1 (0%)"
"jdk.internal.reflect.GeneratedMethodAccessor28","16 B (0%)","1 (0%)"
"sun.rmi.transport.DGCImpl$$Lambda$103.0x0000000801254440","16 B (0%)","1 (0%)"
"jdk.internal.reflect.GeneratedMethodAccessor12","16 B (0%)","1 (0%)"
"jdk.internal.reflect.GeneratedMethodAccessor11","16 B (0%)","1 (0%)"
"jdk.internal.reflect.GeneratedMethodAccessor10","16 B (0%)","1 (0%)"
"jdk.internal.reflect.GeneratedMethodAccessor16","16 B (0%)","1 (0%)"
"jdk.internal.reflect.GeneratedMethodAccessor15","16 B (0%)","1 (0%)"
"jdk.internal.reflect.GeneratedMethodAccessor14","16 B (0%)","1 (0%)"
"jdk.internal.reflect.GeneratedMethodAccessor13","16 B (0%)","1 (0%)"
"jdk.internal.reflect.GeneratedMethodAccessor19","16 B (0%)","1 (0%)"
"jdk.internal.reflect.GeneratedMethodAccessor18","16 B (0%)","1 (0%)"
"jdk.internal.reflect.GeneratedMethodAccessor17","16 B (0%)","1 (0%)"
"java.lang.management.DefaultPlatformMBeanProvider$5$$Lambda$67.0x000000080123e040","16 B (0%)","1 (0%)"
"com.sun.jmx.mbeanserver.MBeanAnalyzer$MethodOrder","16 B (0%)","1 (0%)"
"sun.rmi.transport.tcp.TCPTransport$$Lambda$98.0x0000000801255040","16 B (0%)","1 (0%)"
"sun.rmi.transport.tcp.TCPTransport$$Lambda$101.0x0000000801254c40","16 B (0%)","1 (0%)"
"java.util.stream.Collectors$$Lambda$8.0x0000000801202040","16 B (0%)","1 (0%)"
"java.nio.Buffer$1","16 B (0%)","1 (0%)"
"java.lang.reflect.ReflectAccess","16 B (0%)","1 (0%)"
"sun.util.locale.InternalLocaleBuilder$CaseInsensitiveChar","16 B (0%)","1 (0%)"
"java.lang.management.ManagementFactory$PlatformMBeanFinder$$Lambda$33.0x000000080121fc40","16 B (0%)","1 (0%)"
"sun.rmi.runtime.RuntimeUtil$$Lambda$106.0x0000000801253040","16 B (0%)","1 (0%)"
"jdk.internal.util.Preconditions$1","16 B (0%)","1 (0%)"
"sun.rmi.runtime.Log$LoggerLogFactory","16 B (0%)","1 (0%)"
"java.lang.invoke.StringConcatFactory$MethodHandleInlineCopyStrategy$1","16 B (0%)","1 (0%)"
"java.lang.invoke.StringConcatFactory$MethodHandleInlineCopyStrategy$2","16 B (0%)","1 (0%)"
"java.lang.CharacterDataLatin1","16 B (0%)","1 (0%)"
"sun.nio.ch.FileChannelImpl$1","16 B (0%)","1 (0%)"
"java.lang.invoke.MethodHandleImpl$1","16 B (0%)","1 (0%)"
"com.sun.jmx.interceptor.DefaultMBeanServerInterceptor$ResourceContext$1","16 B (0%)","1 (0%)"
"sun.rmi.server.LoaderHandler$$Lambda$118.0x0000000801276840","16 B (0%)","1 (0%)"
"java.util.concurrent.atomic.AtomicBoolean","16 B (0%)","1 (0%)"
"java.security.AllPermission","16 B (0%)","1 (0%)"
"sun.management.jmxremote.LocalRMIServerSocketFactory","16 B (0%)","1 (0%)"
"java.lang.ref.Cleaner","16 B (0%)","1 (0%)"
"com.sun.management.internal.PlatformMBeanProviderImpl","16 B (0%)","1 (0%)"
"java.lang.Float","16 B (0%)","1 (0%)"
"sun.rmi.runtime.Log$$Lambda$84.0x0000000801244840","16 B (0%)","1 (0%)"
"sun.rmi.server.UnicastServerRef$$Lambda$89.0x0000000801243c40","16 B (0%)","1 (0%)"
"com.sun.management.internal.PlatformMBeanProviderImpl$$Lambda$35.0x000000080121f440","16 B (0%)","1 (0%)"
"jdk.internal.misc.Unsafe","16 B (0%)","1 (0%)"
"javax.management.remote.rmi.RMIConnectionImpl_Stub","16 B (0%)","1 (0%)"
"java.util.stream.Collectors$$Lambda$75.0x0000000801247440","16 B (0%)","1 (0%)"
"java.lang.Runtime","16 B (0%)","1 (0%)"
"jdk.internal.jimage.decompressor.Decompressor","16 B (0%)","1 (0%)"
"java.util.stream.FindOps$FindSink$OfRef$$Lambda$13.0x0000000801203440","16 B (0%)","1 (0%)"
"java.nio.file.Files$AcceptAllFilter","16 B (0%)","1 (0%)"
"sun.rmi.transport.DGCImpl$2$$Lambda$108.0x0000000801252840","16 B (0%)","1 (0%)"
"java.io.ObjectInputFilter$Config$$Lambda$80.0x0000000801245840","16 B (0%)","1 (0%)"
"sun.rmi.transport.DGCImpl$$Lambda$107.0x0000000801253440","16 B (0%)","1 (0%)"
"java.util.concurrent.ThreadPoolExecutor$AbortPolicy","16 B (0%)","1 (0%)"
"java.lang.management.ManagementFactory$$Lambda$32.0x000000080121f840","16 B (0%)","1 (0%)"
"jdk.internal.reflect.GeneratedSerializationConstructorAccessor195","16 B (0%)","1 (0%)"
"jdk.internal.reflect.GeneratedSerializationConstructorAccessor196","16 B (0%)","1 (0%)"
"sun.reflect.generics.tree.TypeVariableSignature","16 B (0%)","1 (0%)"
"jdk.internal.reflect.GeneratedSerializationConstructorAccessor199","16 B (0%)","1 (0%)"
"java.util.LinkedHashSet","16 B (0%)","1 (0%)"
"jdk.internal.reflect.GeneratedSerializationConstructorAccessor197","16 B (0%)","1 (0%)"
"jdk.internal.reflect.GeneratedSerializationConstructorAccessor198","16 B (0%)","1 (0%)"
"java.lang.invoke.MemberName$Factory","16 B (0%)","1 (0%)"
"sun.rmi.runtime.RuntimeUtil","16 B (0%)","1 (0%)"
"java.util.logging.Logging","16 B (0%)","1 (0%)"
"java.lang.String$CaseInsensitiveComparator","16 B (0%)","1 (0%)"
"com.sun.management.internal.HotSpotDiagnostic","16 B (0%)","1 (0%)"
"java.lang.ApplicationShutdownHooks$1","16 B (0%)","1 (0%)"
"sun.rmi.transport.DGCImpl$$Lambda$104.0x0000000801253840","16 B (0%)","1 (0%)"
"org.postgresql.core.Encoding$2","16 B (0%)","1 (0%)"
"com.sun.jmx.mbeanserver.DefaultMXBeanMappingFactory","16 B (0%)","1 (0%)"
"sun.rmi.transport.tcp.TCPTransport$$Lambda$100.0x0000000801254840","16 B (0%)","1 (0%)"
"jdk.internal.reflect.GeneratedMethodAccessor65","16 B (0%)","1 (0%)"
"sun.rmi.transport.DGCImpl$$Lambda$105.0x0000000801253c40","16 B (0%)","1 (0%)"
"jdk.internal.logger.LazyLoggers$1","16 B (0%)","1 (0%)"
"com.sun.jmx.mbeanserver.SecureClassLoaderRepository","16 B (0%)","1 (0%)"
"java.util.regex.Pattern$CharPredicate$$Lambda$20.0x0000000801206c40","16 B (0%)","1 (0%)"
"jdk.internal.reflect.GeneratedMethodAccessor53","16 B (0%)","1 (0%)"
"jdk.internal.reflect.GeneratedMethodAccessor59","16 B (0%)","1 (0%)"
"java.io.FileDescriptor$1","16 B (0%)","1 (0%)"
"javax.management.JMX","16 B (0%)","1 (0%)"
"com.sun.jmx.remote.internal.ServerCommunicatorAdmin$Timeout","16 B (0%)","1 (0%)"
"jdk.internal.reflect.GeneratedMethodAccessor43","16 B (0%)","1 (0%)"
"jdk.internal.reflect.GeneratedMethodAccessor42","16 B (0%)","1 (0%)"
"java.util.stream.Collectors$$Lambda$5.0x0000000801201440","16 B (0%)","1 (0%)"
"java.lang.module.ModuleDescriptor$1","16 B (0%)","1 (0%)"
"sun.rmi.server.UnicastServerRef$$Lambda$90.0x0000000801250040","16 B (0%)","1 (0%)"
"jdk.internal.reflect.GeneratedMethodAccessor41","16 B (0%)","1 (0%)"
"jdk.internal.reflect.GeneratedMethodAccessor40","16 B (0%)","1 (0%)"
"sun.security.provider.DRBG$$Lambda$91.0x0000000801250440","16 B (0%)","1 (0%)"
"java.util.stream.Collectors$$Lambda$68.0x000000080123e440","16 B (0%)","1 (0%)"
"java.io.ObjectInputFilter$Config$Global$$Lambda$82.0x0000000801245040","16 B (0%)","1 (0%)"
"java.util.concurrent.locks.ReentrantReadWriteLock$ReadLock","16 B (0%)","1 (0%)"
"java.lang.reflect.Proxy$$Lambda$30.0x0000000801218840","16 B (0%)","1 (0%)"
"java.util.LinkedHashMap$LinkedKeySet","16 B (0%)","1 (0%)"
"java.util.function.Function$$Lambda$38.0x000000080121e040","16 B (0%)","1 (0%)"
"java.rmi.server.ObjID$$Lambda$94.0x0000000801256040","16 B (0%)","1 (0%)"
"jdk.internal.module.DefaultRoots$$Lambda$4.0x0000000801201040","16 B (0%)","1 (0%)"
"java.util.stream.FindOps$FindSink$OfRef$$Lambda$11.0x0000000801202c40","16 B (0%)","1 (0%)"
"sun.rmi.transport.tcp.TCPTransport$$Lambda$99.0x0000000801255440","16 B (0%)","1 (0%)"
"javax.management.remote.rmi.RMIServerImpl_Stub","16 B (0%)","1 (0%)"
"java.lang.Class$$Lambda$72.0x0000000801247840","16 B (0%)","1 (0%)"
"java.util.IdentityHashMap$Values","16 B (0%)","1 (0%)"
"sun.rmi.transport.tcp.TCPTransport$1","16 B (0%)","1 (0%)"
"java.util.stream.Collectors$$Lambda$70.0x000000080123f040","16 B (0%)","1 (0%)"
"jdk.internal.module.ModuleTarget","16 B (0%)","1 (0%)"
"java.io.RandomAccessFile$2","16 B (0%)","1 (0%)"
"sun.management.ClassLoadingImpl","16 B (0%)","1 (0%)"
"java.util.concurrent.ConcurrentSkipListMap$KeySet","16 B (0%)","1 (0%)"
"java.util.regex.CharPredicates$$Lambda$14.0x0000000801205040","16 B (0%)","1 (0%)"
"java.util.regex.Pattern$LastNode","16 B (0%)","1 (0%)"
"java.lang.management.ManagementFactory$PlatformMBeanFinder$$Lambda$39.0x000000080121d840","16 B (0%)","1 (0%)"
"java.net.ServerSocket$2","16 B (0%)","1 (0%)"
"java.net.URL$DefaultFactory","16 B (0%)","1 (0%)"
"java.util.regex.Pattern$1","16 B (0%)","1 (0%)"
"sun.net.www.protocol.jar.Handler","16 B (0%)","1 (0%)"
"java.util.logging.SimpleFormatter$$Lambda$85.0x0000000801244c40","16 B (0%)","1 (0%)"
"com.sun.jmx.mbeanserver.MBeanInstantiator","16 B (0%)","1 (0%)"
"sun.reflect.generics.tree.LongSignature","16 B (0%)","1 (0%)"
"java.util.Collections$EmptyList","16 B (0%)","1 (0%)"
"java.lang.StringCoding$1","16 B (0%)","1 (0%)"
"sun.net.spi.DefaultProxySelector","16 B (0%)","1 (0%)"
"java.lang.System$2","16 B (0%)","1 (0%)"
"sun.util.locale.provider.TimeZoneNameUtility$TimeZoneNameGetter","16 B (0%)","1 (0%)"
"sun.util.cldr.CLDRBaseLocaleDataMetaInfo","16 B (0%)","1 (0%)"
"sun.rmi.server.LoaderHandler$$Lambda$117.0x0000000801277440","16 B (0%)","1 (0%)"
"com.sun.jmx.mbeanserver.DescriptorCache","16 B (0%)","1 (0%)"
"java.util.EnumMap$1","16 B (0%)","1 (0%)"
"sun.util.resources.cldr.provider.CLDRLocaleDataMetaInfo","16 B (0%)","1 (0%)"
"java.util.ResourceBundle$Control","16 B (0%)","1 (0%)"
"java.security.CodeSigner[]","16 B (0%)","1 (0%)"
"java.lang.Throwable[]","16 B (0%)","1 (0%)"
"java.nio.Bits$1","16 B (0%)","1 (0%)"
"org.postgresql.core.QueryExecutorBase$1","16 B (0%)","1 (0%)"
"java.lang.management.ManagementFactory$$Lambda$64.0x0000000801239c40","16 B (0%)","1 (0%)"
"sun.rmi.transport.ObjectTable$$Lambda$102.0x0000000801254040","16 B (0%)","1 (0%)"
"java.text.FieldPosition[]","16 B (0%)","1 (0%)"
"sun.security.provider.AbstractDrbg$SeederHolder$$Lambda$93.0x0000000801256c40","16 B (0%)","1 (0%)"
"sun.rmi.transport.DGCAckHandler$$Lambda$119.0x000000080128a040","16 B (0%)","1 (0%)"
"javax.management.MBeanServerBuilder","16 B (0%)","1 (0%)"
"javax.management.remote.JMXConnectorServerFactory$$Lambda$77.0x0000000801246c40","16 B (0%)","1 (0%)"
"jdk.internal.module.DefaultRoots$$Lambda$1.0x0000000801200040","16 B (0%)","1 (0%)"
"java.net.URL$3","16 B (0%)","1 (0%)"
"jdk.internal.module.DefaultRoots$$Lambda$9.0x0000000801202440","16 B (0%)","1 (0%)"
"java.util.Collections$EmptyEnumeration","16 B (0%)","1 (0%)"
"sun.nio.fs.NativeBuffers$1","16 B (0%)","1 (0%)"
"java.util.stream.Collectors$$Lambda$40.0x000000080121dc40","16 B (0%)","1 (0%)"
"java.lang.Terminator$1","16 B (0%)","1 (0%)"
"java.util.Spliterators$EmptySpliterator$OfLong","16 B (0%)","1 (0%)"
"java.util.logging.Handler[]","16 B (0%)","1 (0%)"
"sun.rmi.transport.tcp.TCPChannel$$Lambda$112.0x0000000801271c40","16 B (0%)","1 (0%)"
"java.nio.file.attribute.FileAttribute[]","16 B (0%)","1 (0%)"
"sun.security.provider.NativeSeedGenerator","16 B (0%)","1 (0%)"
"java.net.InetAddress$PlatformNameService","16 B (0%)","1 (0%)"
"java.net.URI$1","16 B (0%)","1 (0%)"
"java.util.regex.Pattern$$Lambda$15.0x0000000801205440","16 B (0%)","1 (0%)"
"sun.util.calendar.Gregorian","16 B (0%)","1 (0%)"
"java.util.stream.Collectors$$Lambda$7.0x0000000801201c40","16 B (0%)","1 (0%)"
"java.rmi.server.RMIClassLoader$2","16 B (0%)","1 (0%)"
"sun.rmi.transport.DGCImpl_Skel","16 B (0%)","1 (0%)"
"org.postgresql.jdbc.PgConnection$1","16 B (0%)","1 (0%)"
"java.lang.System$LoggerFinder$$Lambda$61.0x0000000801238c40","16 B (0%)","1 (0%)"
"java.util.Collections$EmptySet","16 B (0%)","1 (0%)"
"java.util.regex.IntHashSet[]","16 B (0%)","1 (0%)"
"java.util.stream.Collectors$$Lambda$74.0x0000000801247040","16 B (0%)","1 (0%)"
"java.lang.invoke.ClassSpecializer$1","16 B (0%)","1 (0%)"
"java.lang.ref.Cleaner$1","16 B (0%)","1 (0%)"
"ru.job4j.tracker.StartUI$$Lambda$53.0x000000080121a440","16 B (0%)","1 (0%)"
"java.util.stream.Collectors$$Lambda$6.0x0000000801201840","16 B (0%)","1 (0%)"
"sun.util.logging.internal.LoggingProviderImpl","16 B (0%)","1 (0%)"
"java.lang.management.ManagementFactory$$Lambda$63.0x0000000801239840","16 B (0%)","1 (0%)"
"sun.rmi.transport.Transport$$Lambda$97.0x0000000801255c40","16 B (0%)","1 (0%)"
"sun.net.DefaultProgressMeteringPolicy","16 B (0%)","1 (0%)"
"java.lang.ref.Reference$1","16 B (0%)","1 (0%)"
"java.util.Collections$EmptyIterator","16 B (0%)","1 (0%)"
"java.util.logging.Level$$Lambda$27.0x000000080120d040","16 B (0%)","1 (0%)"
"jdk.internal.jimage.ImageStringsReader","16 B (0%)","1 (0%)"
"java.util.logging.LogManager$VisitedLoggers","16 B (0%)","1 (0%)"
"jdk.management.jfr.SettingDescriptorInfo$1","16 B (0%)","1 (0%)"
"sun.rmi.transport.tcp.TCPDirectSocketFactory","16 B (0%)","1 (0%)"
"java.util.stream.Collectors$$Lambda$76.0x0000000801246840","16 B (0%)","1 (0%)"
"java.util.concurrent.locks.ReentrantReadWriteLock$WriteLock","16 B (0%)","1 (0%)"
"java.util.zip.ZipFile$1","16 B (0%)","1 (0%)"
"java.lang.management.DefaultPlatformMBeanProvider","16 B (0%)","1 (0%)"
"sun.rmi.transport.tcp.TCPChannel$$Lambda$111.0x0000000801271840","16 B (0%)","1 (0%)"
"java.util.regex.CharPredicates$$Lambda$55.0x0000000801219c40","16 B (0%)","1 (0%)"
"java.util.Spliterators$EmptySpliterator$OfDouble","16 B (0%)","1 (0%)"
"java.util.concurrent.locks.ReentrantReadWriteLock$Sync$ThreadLocalHoldCounter","16 B (0%)","1 (0%)"
"java.util.Locale$Builder","16 B (0%)","1 (0%)"
"sun.rmi.server.UnicastServerRef$HashToMethod_Maps","16 B (0%)","1 (0%)"
"sun.net.www.protocol.jar.JarFileFactory","16 B (0%)","1 (0%)"
"org.postgresql.core.CachedQueryCreateAction","16 B (0%)","1 (0%)"
"java.io.ObjectInputStream$$Lambda$113.0x0000000801272440","16 B (0%)","1 (0%)"
"java.util.logging.Level$KnownLevel$$Lambda$28.0x000000080120d440","16 B (0%)","1 (0%)"
"java.io.FilePermission$1","16 B (0%)","1 (0%)"
"java.security.ProtectionDomain$JavaSecurityAccessImpl","16 B (0%)","1 (0%)"
"java.util.stream.FindOps$FindSink$OfRef$$Lambda$10.0x0000000801202840","16 B (0%)","1 (0%)"
"java.util.regex.Pattern$Node","16 B (0%)","1 (0%)"
"com.sun.jmx.remote.security.SubjectDelegator","16 B (0%)","1 (0%)"
"java.util.logging.SimpleFormatter","16 B (0%)","1 (0%)"
"jdk.internal.module.DefaultRoots$$Lambda$2.0x0000000801200840","16 B (0%)","1 (0%)"
"java.lang.management.ManagementFactory$PlatformMBeanFinder$$Lambda$36.0x000000080121e840","16 B (0%)","1 (0%)"
"sun.net.www.protocol.jrt.Handler","16 B (0%)","1 (0%)"
"java.lang.management.ManagementFactory$PlatformMBeanFinder$$Lambda$37.0x000000080121ec40","16 B (0%)","1 (0%)"
"sun.rmi.transport.tcp.TCPChannel$$Lambda$110.0x0000000801271440","16 B (0%)","1 (0%)"
"java.util.Spliterators$EmptySpliterator$OfRef","16 B (0%)","1 (0%)"
"sun.management.jmxremote.ConnectorBootstrap$PermanentExporter","16 B (0%)","1 (0%)"
"java.io.ObjectInputFilter$Config$$Lambda$79.0x0000000801246440","16 B (0%)","1 (0%)"
"com.sun.jmx.mbeanserver.MXBeanIntrospector","16 B (0%)","1 (0%)"
"sun.rmi.server.UnicastRef$$Lambda$87.0x0000000801244440","16 B (0%)","1 (0%)"
"java.security.Provider[]","16 B (0%)","1 (0%)"
"java.util.stream.Collectors$$Lambda$50.0x000000080121a840","16 B (0%)","1 (0%)"
"jdk.internal.math.FloatingDecimal$1","16 B (0%)","1 (0%)"
"sun.nio.fs.WindowsFileSystemProvider","16 B (0%)","1 (0%)"
"jdk.internal.reflect.GeneratedMethodAccessor1","16 B (0%)","1 (0%)"
"jdk.internal.reflect.GeneratedSerializationConstructorAccessor209","16 B (0%)","1 (0%)"
"java.net.InetAddress$2","16 B (0%)","1 (0%)"
"jdk.internal.reflect.GeneratedSerializationConstructorAccessor210","16 B (0%)","1 (0%)"
"java.util.jar.JavaUtilJarAccessImpl","16 B (0%)","1 (0%)"
"sun.security.provider.AbstractDrbg$$Lambda$92.0x0000000801257040","16 B (0%)","1 (0%)"
"jdk.internal.reflect.GeneratedMethodAccessor8","16 B (0%)","1 (0%)"
"jdk.internal.reflect.GeneratedMethodAccessor9","16 B (0%)","1 (0%)"
"jdk.internal.reflect.GeneratedMethodAccessor6","16 B (0%)","1 (0%)"
"sun.rmi.transport.DGCImpl$1","16 B (0%)","1 (0%)"
"jdk.internal.reflect.GeneratedMethodAccessor7","16 B (0%)","1 (0%)"
"jdk.internal.reflect.GeneratedMethodAccessor4","16 B (0%)","1 (0%)"
"jdk.internal.reflect.GeneratedMethodAccessor5","16 B (0%)","1 (0%)"
"java.lang.management.ManagementFactory$PlatformMBeanFinder$$Lambda$44.0x000000080121c040","16 B (0%)","1 (0%)"
"sun.util.resources.LocaleData$LocaleDataStrategy","16 B (0%)","1 (0%)"
"java.io.ObjectInputFilter$Config$Global$$Lambda$81.0x0000000801245c40","16 B (0%)","1 (0%)"
"sun.rmi.server.UnicastRef","16 B (0%)","1 (0%)"
"java.util.Spliterators$EmptySpliterator$OfInt","16 B (0%)","1 (0%)"
"sun.rmi.server.Util$$Lambda$83.0x0000000801245440","16 B (0%)","1 (0%)"
"jdk.internal.misc.TerminatingThreadLocal$1","16 B (0%)","1 (0%)"
"java.util.regex.Pattern$$Lambda$57.0x0000000801219440","16 B (0%)","1 (0%)"
"java.util.logging.LogManager$LoggingProviderAccess","16 B (0%)","1 (0%)"
"jdk.internal.reflect.GeneratedSerializationConstructorAccessor203","16 B (0%)","1 (0%)"
"jdk.internal.reflect.GeneratedSerializationConstructorAccessor204","16 B (0%)","1 (0%)"
"jdk.internal.reflect.GeneratedSerializationConstructorAccessor201","16 B (0%)","1 (0%)"
"jdk.internal.reflect.GeneratedSerializationConstructorAccessor202","16 B (0%)","1 (0%)"
"java.util.concurrent.ConcurrentSkipListSet","16 B (0%)","1 (0%)"
"jdk.internal.reflect.GeneratedSerializationConstructorAccessor207","16 B (0%)","1 (0%)"
"jdk.internal.reflect.GeneratedSerializationConstructorAccessor208","16 B (0%)","1 (0%)"
"jdk.internal.reflect.GeneratedSerializationConstructorAccessor205","16 B (0%)","1 (0%)"
"jdk.internal.reflect.GeneratedSerializationConstructorAccessor206","16 B (0%)","1 (0%)"
"java.util.stream.Collectors$$Lambda$51.0x000000080121ac40","16 B (0%)","1 (0%)"
"jdk.internal.reflect.GeneratedSerializationConstructorAccessor200","16 B (0%)","1 (0%)"
"org.postgresql.util.LruCache$2","16 B (0%)","1 (0%)"
"java.security.cert.Certificate[]","16 B (0%)","1 (0%)"
"org.postgresql.util.LruCache$1","16 B (0%)","1 (0%)"
"java.util.regex.CharPredicates$$Lambda$18.0x0000000801206040","16 B (0%)","1 (0%)"
"java.util.stream.Collectors$$Lambda$49.0x000000080121b440","16 B (0%)","1 (0%)"
"java.lang.invoke.VarHandle$1","16 B (0%)","1 (0%)"
"ru.job4j.tracker.SqlTracker","16 B (0%)","1 (0%)"
"ru.job4j.tracker.ConsoleInput","16 B (0%)","1 (0%)"
"jdk.internal.module.ModulePatcher","16 B (0%)","1 (0%)"
"java.net.SocketPermissionCollection$SPCComparator","16 B (0%)","1 (0%)"
"sun.rmi.server.UnicastServerRef$$Lambda$88.0x0000000801243840","16 B (0%)","1 (0%)"
"sun.reflect.generics.tree.VoidDescriptor","16 B (0%)","1 (0%)"
"java.util.concurrent.SynchronousQueue$TransferStack","16 B (0%)","1 (0%)"
"jdk.internal.perf.Perf","16 B (0%)","1 (0%)"
"jdk.internal.reflect.ReflectionFactory","16 B (0%)","1 (0%)"
"org.postgresql.Driver","16 B (0%)","1 (0%)"
"sun.instrument.TransformerManager$TransformerInfo[]","16 B (0%)","1 (0%)"
"javax.management.NotificationBroadcasterSupport$1","16 B (0%)","1 (0%)"
"javax.net.DefaultSocketFactory","16 B (0%)","1 (0%)"
"java.util.ResourceBundle$1","16 B (0%)","1 (0%)"
"sun.rmi.server.Util$$Lambda$86.0x0000000801244040","16 B (0%)","1 (0%)"
"sun.net.www.protocol.file.Handler","16 B (0%)","1 (0%)"
"jdk.internal.logger.LazyLoggers$LazyLoggerFactories","16 B (0%)","1 (0%)"
"sun.util.locale.provider.CalendarDataUtility$CalendarWeekParameterGetter","16 B (0%)","1 (0%)"
"java.util.stream.FindOps$FindSink$OfRef$$Lambda$12.0x0000000801203040","16 B (0%)","1 (0%)"
"java.util.logging.Level$KnownLevel$$Lambda$25.0x000000080120f840","16 B (0%)","1 (0%)"
"java.lang.management.ManagementFactory$PlatformMBeanFinder$$Lambda$43.0x000000080121cc40","16 B (0%)","1 (0%)"
"sun.rmi.server.MarshalInputStream$$Lambda$114.0x0000000801277840","16 B (0%)","1 (0%)"
"java.lang.management.ManagementFactory$$Lambda$62.0x0000000801239440","16 B (0%)","1 (0%)"
